,text,translit,pos_bef1,pos_bef2,pos_bef3,pos_aft1,pos_aft2,pos_aft3
0,мы вообще друг друга не знаем дэмн,дэмн,VERB,PRCL,NOUN,,,
1,гоу офф ай гесс?? у кого-то очень близкая дружба,гоу офф ай гесс,,,,,PREP,NPRO
2,Нет нет ай гет ит,ай гет ит,PRED,PRED,,,,
3,энивей я тыщу лет буду монтировать видос,энивей,,,,NPRO,NOUN,NOUN
4,одна сатана фр,фр,NOUN,ADJF,,,,
5,в контексте виктора это плохой тейк,тейк,ADJF,PRCL,NOUN,,,
6,сейм я тоже сейчас вспомнила,сейм,,,,NPRO,PRCL,ADVB
7,энивей что я делал 6 ноября,энивей,,,,CONJ,NPRO,VERB
8,о дэмн,дэмн,PREP,,,,,
9,ахахах найс,найс,NOUN,,,,,
10,дэмн ты,дэмн,,,,NPRO,,
11,русреал орэндж из зе нью блэк где все точно так же но они все сидят потому что экстремистки,орэндж из зе нью блэк,NOUN,,,ADVB,PRCL,ADVB
12,всему свое время фр,фр,NOUN,ADJF,ADJF,,,
13,до сих пор помню  вы с владом зе вайтест пипл ай ноу мне без какой-либо эмоциональной окраски просто периодически всплывает в голове,зе вайтест пипл ай ноу,NOUN,PREP,NPRO,,NPRO,PREP
14,но еще это такой лоуки лавбомбинг теперь мне еще тяжелее стать достаточно злой,лоуки лавбомбинг,ADJF,PRCL,ADVB,ADVB,NPRO,ADVB
15,если я причиняла кому-то реальный физический вред мне хотелось сдохнуть но ю ду ю,ю ду ю,CONJ,INFN,VERB,,,
16,КТО-ТО ПОПРОСИЛ ИХ ПРЕПОДШУ ПЕРЕВЕСТИ кэн ю блоу май висл,кэн ю блоу май висл,,INFN,NOUN,,,
17,энивэй гугл за что,энивэй,,,,NOUN,PREP,CONJ
18,энивей Что это должно значить автор поста,энивей,,,,CONJ,PRCL,ADJS
19,а ну да ай донт рилли ду рис?рч ЧТО???,ай донт рилли ду рис?рч,PRCL,PRCL,CONJ,,CONJ,
20,там основная мысль сюжета понятна и без глубоко анализа ай гесс но хз мне вот щас надо посидеть обмозговать я не все штуки поняла,ай гесс,NOUN,ADVB,PREP,NPRO,PRCL,ADVB
21,не сильно много но там поинт про тупые однотипные застройки недостаток работы и прочее,поинт,ADVB,CONJ,ADVB,PREP,ADJF,ADJF
22,мы с ней лоуки лучшие подружки,лоуки,NPRO,PREP,NPRO,ADJF,NOUN,
23,я проучилась 15 лет думая что люди общаются со мной только потому что я могу помочь по учебе итс Бэд фор ми,итс Бэд фор ми,NOUN,PREP,INFN,,,
24,Простите ребята время смотреть перл и цитировать кул герл монолог,кул герл,INFN,CONJ,NOUN,NOUN,,
25,Люди говорят какого черта Эван кто мог настолько заварить кашу КАК ТЫ ДО ЭТОГО ДОШЕЛ бат ай гет ИТ ай гет ИТ я бы соврала ужасные вещи миллион раз ради подобия семьи которой у меня не было и ради симпатии со стороны того кто мне нравится,ай гет ИТ ай гет,NOUN,VERB,NPRO,NOUN,NPRO,PRCL
26,пересмотрела шепот сердца теперь кайнда в депрессии,кайнда,ADVB,NOUN,NOUN,PREP,NOUN,
27,они лоуки похожи звучанием еще пять таких песен и выйдет приличный плейлист,лоуки,NPRO,,,ADJS,NOUN,ADVB
28,лоуки дешевле чем в москве,лоуки,,,,COMP,CONJ,PREP
29,не лоуки,лоуки,PRCL,,,,,
30,лоуки копируешь меня но я приму,лоуки,,,,VERB,NPRO,CONJ
31,Иуда фр,фр,NOUN,,,,,
32,велл придется идти в магу,велл,,,,VERB,INFN,PREP
33,олсо ты как говорится не волшебник а только учишься,олсо,,,,NPRO,CONJ,VERB
34,надо вернуться к хед энд шолдерс,хед энд шолдерс,PREP,INFN,PRED,,,
35,ты был тайкой тамблер вайб поз,вайб,NOUN,NOUN,VERB,NOUN,,
36,да я бы даже сказала хайки,хайки,VERB,PRCL,PRCL,,,
37,нет хайки это японский стих,хайки,PRED,,,PRCL,ADJF,NOUN
38,лоуки у эльбруса очень красивые координаты???,лоуки,,,,PREP,NOUN,ADVB
39,ши контейнс малтитьюдс не поспоришь,ши контейнс малтитьюдс,,,,PRCL,VERB,
40,дети лоуки лохи почему мы стабильно болели каждую зиму и нуждались в постельном режиме,лоуки,NOUN,,,NOUN,ADVB,NPRO
41,сейм если честно,сейм,,,,CONJ,ADVB,
42,про тру адвенчер мне кажется ты говорила что хочется посмотреть после моих рассказов,тру адвенчер,PREP,,,NPRO,VERB,NPRO
43,интернет невероятное место 14 тысяч человек поняли что их обозвали лесбиянкой и геем словами зе секшуал теншн ин зис,зе секшуал теншн ин зис,NOUN,NOUN,CONJ,,,
44,нет мне кажется там просто воспринимать легче из-за живой подачи типа самфинг самфинг изобразительное искусство оно только в пространстве а выступления эти и в пространстве и во времени знаешь оно Идёт в него Вливаешься а с тем надо самостоятельно придумать как обойтись со стороны времени и это труднее,самфинг самфинг,NOUN,NOUN,ADJF,ADJF,NOUN,NPRO
45,удачи бести,бести,NOUN,,,,,
46,Типа дэмн она выпала из моей головы. Ничего не осталось кроме внезапного кажется я знаю что это,дэмн,NOUN,,,NPRO,VERB,PREP
47,велл технически я могу но Не Так,велл,,,,ADVB,NPRO,VERB
48,ай гесс по крайней мере это свидетельствовало о том что я слушаю? и она меня потом еще поблагодарила сказав что Я спасала курс????,ай гесс,,,,PREP,ADJF,NOUN
49,о дэмн я вообще не знала что вышел новый альбом,дэмн,PREP,,,NPRO,ADVB,PRCL
50,бести укради книгу просто так тебе никто ничего не скажет,бести,,,,VERB,NOUN,PRCL
51,дэмн твиттер сказал ты увидишь Все мнения,дэмн,,,,NOUN,VERB,NPRO
52,я анти сладости фр но тут уже по другой причине,фр,NOUN,NOUN,NPRO,CONJ,ADVB,ADVB
53,о боже оно фр работает если думать траслитом,фр,NPRO,NOUN,PREP,VERB,CONJ,INFN
54,почти сейм,сейм,ADVB,,,,,
55,Один вайб,вайб,ADJF,,,,,
56,я ненавижу то что у моего отца есть гейм,гейм,INFN,NOUN,ADJF,,,
57,велл пора менять приоритеты значит,велл,,,,NOUN,INFN,NOUN
58,человек еще не написал песни более ностальгической чем синс ай со виенна,синс ай со виенна,CONJ,ADJF,ADVB,,,
59,олсо что за неуважение к киномюзиклам,олсо,,,,CONJ,PREP,NOUN
60,мне нужно как-то доказывать свой поинт,поинт,ADJF,INFN,ADVB,,,
61,энивэй хочу смерти или лишиться сознания до трех часов дня без каких-либо последствий,энивэй,,,,VERB,NOUN,CONJ
62,последний поезд лоуки слишком рано уезжает,лоуки,NOUN,ADJF,,ADVB,ADVB,VERB
63,новогоднее чудо фр,фр,NOUN,ADJF,,,,
64,окей лоуки,лоуки,PRCL,,,,,
65,лоуки становится грустно,лоуки,,,,VERB,ADVB,
66,тут будет тред наверное,тред,VERB,ADVB,,CONJ,,
67,это лоуки начинает прессовать мозги,лоуки,PRCL,,,VERB,INFN,NOUN
68,каминаут ай джаст кент вейт ту би кинг необъяснимо одна из моих любимых диснеевских песен,ай джаст кент вейт ту би,NOUN,,,NOUN,ADJS,ADJF
69,реально свежий тейк,тейк,ADJF,ADVB,,,,
70,я лоуки голодный,лоуки,NPRO,,,ADJF,,
71,как говорится ю кен л?рн хау ту би ю ин тайм,ю кен л?рн хау ту би ю ин тайм,VERB,CONJ,,,,
72,одно лицо фр,фр,NOUN,ADJF,,,,
73,все равно не тот вайб,вайб,ADJF,PRCL,CONJ,,,
74,я тебя виню щас в том что я с этой строчки вспомнил ин зе крауд оф саузендз и с утра словил фиксацию на анастасии,зе крауд оф саузендз,PRCL,VERB,NOUN,CONJ,PREP,NOUN
75,кажется нечего фр,фр,NPRO,VERB,,,,
76,ай гесс по лондону наиболее адекватный но там я все равно засыпаю в час ночи,ай гесс,,,,PREP,NOUN,ADVB
77,сейва лоуки пляшет,сейва лоуки,,,,VERB,,
78,фр меня спасла ток воля случая и мб то что харизма прокачана,фр,,,,NPRO,VERB,NOUN
79,и питер даже сказал ай саунд нормал,ай саунд нормал,VERB,PRCL,NOUN,,,
80,это он должен завидовать у него и близко не такой форесткор домовеноккор хозиеркор вайб,форесткор домовеноккор хозиеркор вайб,ADJF,PRCL,ADVB,,,
81,Нам лоуки надо опять убивать президентов и премьер-министров,лоуки,NPRO,,,PRED,ADVB,INFN
82,энивей почему я умер в самолете,энивей,,,,ADVB,NPRO,VERB
83,как пела величайшая ай донт ноу ху ай эм бат ю ноу лайф ис фор л?рнинг,ай донт ноу ху ай эм бат ю ноу лайф ис фор л?рнинг,ADJF,VERB,CONJ,,,
84,фр не хочу иметь постоянного места жительства,фр,,,,PRCL,VERB,INFN
85,о господи быть айтишником и не звучать Отвратительно фр невозможно,фр,ADJS,INFN,PRCL,ADVB,,
86,велл неприкольно почему это стало возможным но,велл,,,,ADVB,ADVB,PRCL
87,а у меня велл,велл,NPRO,PREP,CONJ,,,
88,все еще втф,втф,ADVB,PRCL,,,,
89,мне не особо нравится ее музыка шор джэн,шор джэн,,NOUN,NPRO,,,
90,Но мое любимое это деталь про хлеб с сахаром фр,фр,NOUN,PREP,NOUN,,,
91,это такого уровня слэй,слэй,NOUN,ADJF,PRCL,,,
92,энивей я щас чуть не расплакался,энивей,,,,NPRO,ADVB,ADVB
93,энивей пятый день дошика,энивей,,,,ADJF,NOUN,NOUN
94,окей дэмн,дэмн,PRCL,,,,,
95,у моей мамы на самом деле многого тут нет донт гет ми ронг ши из вери кул ин мэни вэйс,донт гет ми ронг ши из вери кул ин мэни вэйс,PRED,ADVB,NPRO,,,
96,и мит кьют не помогает,мит кьют,CONJ,,,PRCL,VERB,
97,окей крейзи информация но,крейзи,PRCL,,,NOUN,CONJ,
98,энивэй я ненавижу мужчин,энивэй,,,,NPRO,VERB,NOUN
99,я люблю его но эт зис поинт друг может просто не надевать джинсы они все равно ничего не скрывают,эт зис поинт,CONJ,NPRO,VERB,NOUN,VERB,PRCL
100,мне нужно всё понимать чтобы что-либо делать ю ноу хау ит из,ю ноу хау ит,INFN,NPRO,CONJ,PREP,,
101,бести я кинула тебе это чтобы ты кидала бабушкам,бести,,,,NPRO,VERB,NPRO
102,каждый день день объятий иф ю ар филлд виз лав,иф ю ар филлд,NOUN,NOUN,NOUN,NOUN,NOUN,
103,лоуки у меня волосы кудрявее чем у 70% из них но дарёному коню в рот не смотрят,лоуки,,,,PREP,NPRO,NOUN
104,окей втф куда льете,втф,PRCL,,,CONJ,VERB,
105,ай гесс они все поют приятно но типа с технической точки не сложно я об этом,ай гесс,,,,NPRO,PRCL,VERB
106,так завидую героиням мелодрам которые типа он сделал мне предложение наверное я просто нравлюсь ему как сестра у меня ситуация скорее она меня обняла ши вонтс ми фр,ши вонтс ми фр,VERB,NPRO,NPRO,,,
107,ай гесс можно догадаться почему но лучше разобраться в вопросе,ай гесс,,,,PRED,INFN,ADVB
108,да зец зе поинт,зец зе поинт,,PRCL,,,,
109,я не могу учить у меня ху вуд ай би иф ай хэд нот лавд ю хай вуд ай ноу вот лав ис,ху вуд ай би иф ай хэд нот лавд ю хай вуд ай ноу вот лав ис,NPRO,PREP,INFN,,,
110,е кайнда,кайнда,VERB,,,,,
111,Нет фр я думаю а зачем если вы тут сидите не хуже,фр,PRED,,,NPRO,VERB,CONJ
112,у меня нет профессии вообще хоуп зет хелпс,хоуп зет хелпс,ADVB,NOUN,PRED,,,
113,ну типа да может просто само прошло зей зем это же вроде ещё и просто уважительное к малознакомым,зей зем,VERB,ADJF,PRCL,PRCL,PRCL,PRCL
114,энивей крейзи вечер в вс был,энивей крейзи,,,,NOUN,PREP,NOUN
115,дэмн ты не шутила,дэмн,,,,NPRO,PRCL,VERB
116,Трина бести где вкус...,бести,NOUN,,,ADVB,NOUN,
117,бести ты открывающий номер скипнула?,бести,,,,NPRO,PRTF,NOUN
118,да сейм,сейм,PRCL,,,,,
119,слышно как кто-то в зале заплакал когда аид начал подпевать честно сказать сейм,сейм,INFN,ADVB,INFN,,,
120,я лично их не знаю бат зер ар ризонс ту траст зе тхингс айв х?рд,зер ар ризонс ту траст зе тхингс айв х?рд,NOUN,VERB,PRCL,,,
121,скоро исполнится год с начала трансляции бойс плэнет зе пати эндед манфс эгоу энд шис стилл хир,бойс плэнет зе пати эндед манфс эгоу энд шис стилл хир,NOUN,NOUN,PREP,,,
122,энивэй мне кажется проехать станцию намного страшнее,энивэй,,,,NPRO,VERB,INFN
123,и я понимаю что может зер из э вэй оф мейкинг ит ворк фор ми может Возможно найти в этой среде что-то своё комфортное но мне не нравится чувство что я Должна искать вообще,зер из э вэй оф мейкинг ит ворк фор,VERB,CONJ,VERB,NOUN,VERB,CONJ
124,велл значит того же поля ягода,велл,,,,CONJ,ADJF,PRCL
125,но у неё как в меме ай хейт аниме,ай хейт,NOUN,PREP,CONJ,NOUN,,
126,наверное бесцельно крафтить веселее чем пытаться вывести кофе,крафтить,ADVB,CONJ,,COMP,CONJ,INFN
127,обычно в контексте судов разводных говорят мол ай лост кастоди оф зе кидс,ай лост кастоди оф зе кидс,PRCL,VERB,ADJF,,,
128,это кстати неиронично хороший поинт,поинт,ADJF,ADJS,CONJ,,,
129,я вспомнила как одри хепбёрн радостно объявляла квартиру на оскарах ай Свэр ай эм Нот Трайинг ту би аннойинг сейчас,ай Свэр ай эм Нот Трайинг ту би,NOUN,PREP,NOUN,NOUN,ADVB,
130,лоуки буквально они,лоуки,,,,ADVB,NPRO,
131,он фр всех с места поднял,фр,NPRO,,,ADJF,PREP,NOUN
132,лоуки надеюсь что я достаточно важная чтобы меня обсуждали у меня за спиной,лоуки,,,,VERB,CONJ,NPRO
133,окей дэмн спокойнее,дэмн,PRCL,,,COMP,,
134,Спасибо бести,бести,INTJ,,,,,
135,кроссворды решать бести,бести,INFN,NOUN,,,,
136,я хотела сказать надо собрать плейлист запрещенные артисты но лоуки это и есть мой русский плейлист,лоуки,CONJ,NOUN,PRTF,PRCL,CONJ,INFN
137,во всем виноваты праздники ай си,ай си,NOUN,ADJS,ADJF,,,
138,йес энд от преподши,йес энд,,,,PREP,NOUN,
139,герл что происходит,герл,,,,CONJ,VERB,
140,но тебе в утешение вот говорю итс нот эбаут ю ор энифинг зет ю майт хэв дан,итс нот эбаут ю ор энифинг зет ю майт хэв,VERB,PRCL,NOUN,PRTS,,
141,дэмн я тебя не узнала как только ты начал говорить,дэмн,,,,NPRO,NPRO,PRCL
142,у единственного русского человека бести,бести,NOUN,ADJF,ADJF,,,
143,этот тред Есть за что покритиковать его можно так хорошо покритиковать но все критикующие в квотах тупо Не Понимают о чем вообще идет речь и критикуют не то,тред,ADJF,,,INFN,PREP,CONJ
144,типа в его основе лежит мне казалось распространенный тейк о том что любой признак по которому тебя дискриминируют делает невозможным твое пребывание полностью вне политики???,тейк,PRTF,VERB,NPRO,PREP,ADJF,CONJ
145,нет ай гесс вординг ужасный и если тебе не хочется видеть здесь какую-то логичную мысль ты ее не увидишь но меня бесит что никто не хочет пытаться увидеть зачатки разума,ай гесс,PRED,,,NOUN,ADJF,CONJ
146,бести это твиттер,бести,,,,PRCL,NOUN,
147,лоуки у этой стены характера больше чем у меня,лоуки,,,,PREP,ADJF,NOUN
148,я увидела такой тред в твиттере и нагло его ворую,тред,ADJF,VERB,NPRO,PREP,NOUN,CONJ
149,включаю ай финк айм гоинг ту килл майселф элтона джона на повтор на полной громкости,ай финк айм гоинг ту килл майселф,VERB,,,NOUN,NOUN,PREP
150,вот тут многие за себя проголосовали ну лучшие подружки фр все свои секреты разболтаем,фр,NOUN,ADJF,PRCL,PRCL,ADJF,NOUN
151,мы как минимум три раза обсуждали саундинг эт зис поинт надо намеренно постараться чтобы не знать что это,эт зис поинт,NOUN,VERB,NOUN,PRED,ADVB,INFN
152,гуд фор хер она молодец,гуд фор,,,,NOUN,NPRO,NOUN
153,кроме папы ай гесс но он скорее для галочки,ай гесс,NOUN,PREP,,CONJ,NPRO,CONJ
154,пинтерест вайб фотка,пинтерест вайб,,,,NOUN,,
155,дэмн ну микеланджело,дэмн,,,,PRCL,NOUN,
156,энивэй хочу искренне извиниться перед youha у нее объективно хорошие песни но из-за того что спотифай кидает их мне когда я прошу другое я не могу ее слушать,энивэй,,,,VERB,ADVB,INFN
157,не я ничего не хочу а типа Хочу ничего даз ит мейк сенс,даз ит мейк,ADVB,VERB,NOUN,NOUN,,
158,дэмн а че макрон на русском заговорил,дэмн,,,,CONJ,NOUN,NOUN
159,пока не зе,зе,PRCL,ADVB,,,,
160,она станет зе когда о ней все узнают и будут говорить,зе,VERB,NPRO,,CONJ,PREP,NPRO
161,Есть ли вероятность что я ему лоуки нравилась,лоуки,NPRO,NPRO,CONJ,VERB,,
162,я ее ненавижу лоуки,лоуки,VERB,NPRO,NPRO,,,
163,герл все правильно поэтому я и встречаюсь с девушкой.,герл,,,,PRCL,ADVB,ADVB
164,продолжаю у вас тут тред моего чтения,тред,ADVB,NPRO,PREP,ADJF,NOUN,
165,энивей я не в ресурсе с этим разбираться пойду за водой схожу и продолжу читать про батин суп в подземелье,энивей,,,,NPRO,PRCL,PREP
166,правило 5 секунд ай гесс,ай гесс,NOUN,,NOUN,,,
167,ай гесс она правда немного не уверена в себе и отношениях и ей тяжеловато в открытые коммуникации,ай гесс,,,,NPRO,PRCL,ADVB
168,покупай бести,бести,VERB,,,,,
169,велл нет,велл,,,,PRED,,
170,ничего не выиграл но слэй,слэй,CONJ,VERB,PRCL,,,
171,дэмн эти отсылки такие сложные,дэмн,,,,ADJF,NOUN,ADJF
172,велл не всем дано,велл,,,,PRCL,ADJF,PRTS
173,энивей я в ig,энивей,,,,NPRO,PREP,
174,помните парня из вайна про зетс вот гуд пусси саундс лайк,зетс вот гуд пусси саундс лайк,PREP,NOUN,PREP,,,
175,почему он щас лоуки.....,лоуки,ADVB,NPRO,ADVB,,,
176,серые блоки лоуки самый крутой человек которого я видела,лоуки,NOUN,ADJF,,ADJF,ADJF,NOUN
177,….кстати фр может в этом дело,фр,CONJ,,,VERB,PREP,NPRO
178,фр неважно как конвенционально женщина выглядит ее внешность всегда первой попадет под удар,фр,,,,ADVB,CONJ,ADJS
179,нет лоуки она немного права но,лоуки,PRED,,,NPRO,ADVB,NOUN
180,лоуки обнадеживает,лоуки,,,,VERB,,
181,дэмн он цитирует рики монтгомери все Плохо,дэмн,,,,NPRO,VERB,NOUN
182,ассамблея оон фр,фр,NOUN,NOUN,,,,
183,энивэй у этого поста Всего 285 ретвитов почему здесь пять миллионов языков,энивэй,,,,PREP,NPRO,NOUN
184,энивэй голова лопается,энивэй,,,,NOUN,VERB,
185,убери хелп из своего сообщения и я буду согласна,хелп,VERB,,,PREP,ADJF,NOUN
186,Я читаю и эммм Сноу лоуки релейтбл???,лоуки релейтбл,NOUN,NOUN,CONJ,,,
187,кто пела ю гат ми лукин фор валидейшен,ю гат ми лукин фор валидейшен,VERB,NPRO,,,,
188,Вы же тоже лоуки думаете о чем думает ваш собеседник и пытаетесь подстроить то что говорите чтобы вышло не позорно?,лоуки,PRCL,PRCL,NPRO,VERB,PREP,CONJ
189,эт сам поинт они точно потеряются не делай этого по собственному желанию,эт сам поинт,,,,NPRO,ADVB,VERB
190,……и один из них мой отец окей ай си,ай си,PRCL,NOUN,ADJF,,,
191,я бы думала типа хехе лайк вот ю си но они смотрят с раздражением или насмешкой,хехе лайк вот ю си,NOUN,VERB,PRCL,CONJ,NPRO,VERB
192,лоуки если игнорировать мысли о сальмонеллах то полусырая котлета вкуснее чем прожаренная,лоуки,,,,CONJ,INFN,NOUN
193,чем их там в меде кормят фр…,фр,VERB,NOUN,PREP,,,
194,велл та электронная трогает все же мелодичностью больше,велл,,,,ADJF,ADJF,VERB
195,и у нее на фоне буквально окно с солнечным светом бести объяснись,бести,NOUN,ADJF,PREP,VERB,,
196,олсо я спала четыре часа,олсо,,,,NPRO,VERB,NUMR
197,сорри за сравнение но на последней он настолько астарион из мода к предыдущей балде,сорри,,,,PREP,NOUN,CONJ
198,я ей говорю спустя полчаса типа ладно сорри что быкануда,сорри,ADJS,NOUN,NOUN,CONJ,NOUN,
199,ай мин ай гесс выступить для детей не так страшно?? но еще очевидно почему они это сделали,ай мин ай гесс,,,,INFN,PREP,NOUN
200,наткнулась на тред про комсомольск,тред,PREP,VERB,,PREP,NOUN,
201,говорят они лоуки правые,лоуки,NPRO,VERB,,NOUN,,
202,мне очень надо найти что об этом говорит кто-то умная фр,фр,ADJF,NPRO,VERB,,,
203,хотя эт зис поинт наверное уже нет,эт зис поинт,CONJ,,,CONJ,ADVB,PRED
204,это такой вайб,вайб,ADJF,PRCL,,,,
205,ай гесс все знают что он христианин христианин может вопрос к тому что он подает только христианство,ай гесс,,,,PRCL,VERB,CONJ
206,сначала подумала что это хаф зе ворлд эвэй,хаф зе ворлд эвэй,PRCL,CONJ,VERB,,,
207,но лоуки три оставшиеся группы были очень простые поэтому до животных можно было и не доходить,лоуки,CONJ,,,NUMR,PRTF,NOUN
208,было бы конечно здорово если бы интересное не было такой узкой направленности или ещё лучше чтобы среди интересного бывало полезное. оу велл,оу велл,,ADJF,CONJ,,,
209,энивей новая песня пилотов,энивей,,,,ADJF,NOUN,NOUN
210,как корабль назовешь так он и поплывет фр,фр,VERB,CONJ,NPRO,,,
211,ай гесс не голосовать ни за кого если мне никто не нравится честнее???,ай гесс,,,,PRCL,INFN,PRCL
212,кто бы мог подумать фр,фр,INFN,VERB,PRCL,,,
213,ай гесс теперь у меня есть лимон????,ай гесс,,,,ADVB,PREP,NPRO
214,если эт сам поинт у меня не появится жены я умру несчастной,эт сам поинт,CONJ,,,PREP,NPRO,PRCL
215,айм э ченджд вуман и я буквально без понятия почему,айм э ченджд вуман,,,,CONJ,NPRO,ADVB
216,сорри я как всегда,сорри,,,,NPRO,CONJ,ADVB
217,нет ай гесс я бы вспомнила??? 4го,ай гесс,PRED,,,NPRO,PRCL,VERB
218,Сайхара мммм мне кайнда похуй на него,кайнда,NPRO,NOUN,NOUN,NOUN,PREP,NPRO
219,Я отказываюсь узнавать детали про зе смитс потому что солист там точно ужасный человек наверное но мне нравится музыка,зе смитс,PREP,NOUN,INFN,ADVB,CONJ,NOUN
220,так вот тред,тред,PRCL,CONJ,,,,
221,лоуки ключевое,лоуки,,,,ADJF,,
222,ну и можно фр проголосовать за кого-нибудь не критично,фр,PRED,CONJ,PRCL,INFN,PREP,NPRO
223,да нужно энивэй,энивэй,PRED,PRCL,,,,
224,ну у меня нет с этим проблем типа ю гоу гёрл не позволяй другим решать за тебя что хорошо а что плохо,ю гоу гёрл,NOUN,NOUN,NPRO,PRCL,VERB,ADJF
225,я уже поэтому с водой они будут драться под баттл эгейнст тру хиро,баттл эгейнст тру хиро,PREP,INFN,VERB,,,
226,айм джаст кен было в списках номинантов а выиграла песня из того же фильма которую я даже не помню?,айм джаст кен,,,,VERB,PREP,NOUN
227,энивей манги очень хорошие я их обожаю,энивей,,,,NOUN,ADVB,ADJF
228,энивей я майнор и нейроотличная пустите меня домой,энивей,,,,NPRO,NOUN,CONJ
229,.... как перестать думать эбаут олл зе вэйс тринадцатилетняя я была лучше чем есть я нынешняя,олл зе вэйс,NOUN,INFN,INFN,ADJF,NPRO,VERB
230,дэмн ладно я подумала еще больше возможно не максимально далека,дэмн,,,,ADJS,NPRO,VERB
231,энивей пристрелите меня,энивей,,,,VERB,NPRO,
232,простите за два симпинг сообщения подряд ит вилл хаппен эгейн,ит вилл хаппен эгейн,ADVB,NOUN,NOUN,,,
233,это просто рефлекс эт зис поинт,эт зис поинт,NOUN,PRCL,PRCL,,,
234,стать ее тюремной женой ю ноу зе южуал,ю ноу зе южуал,NOUN,ADJF,NPRO,,,
235,если бы я сдавала гто сейчас то сдала бы на пять джаст сэин,джаст сэин,NUMR,PREP,PRCL,,,
236,лоуки крейзи команда,лоуки крейзи,,,,NOUN,,
237,иногда смотрю на людей в метро/на улице и думаю дэмн отличный дизайн персонажа,дэмн,,VERB,CONJ,ADJF,NOUN,NOUN
238,это ещё что за сайкосекшуал майнд геймс,сайкосекшуал майнд геймс,PREP,CONJ,ADVB,,,
239,как скажешь бести,бести,VERB,CONJ,,,,
240,Эммм токсик зе смитс гейткипер который считает что женщины позерки,токсик зе смитс гейткипер,NOUN,,,ADJF,VERB,CONJ
241,я нашла такой хороший тред,тред,ADJF,ADJF,VERB,,,
242,если честно я бы не сказала что сильно изменился характер??? ай гесс стали немного зрелее ответственнее,ай гесс,,NOUN,VERB,VERB,ADVB,COMP
243,о дэмн подождите меня тоже попросили вытащить жидкости я только сейчас поняла почему,дэмн,PREP,,,VERB,NPRO,PRCL
244,энивей я так люблю вокал евы ноблезады,энивей,,,,NPRO,CONJ,VERB
245,я не могу воспринимать такие вещи серьезно но еще должна напоминать себе что лоуки живу в эхо камере и в этой стране достаточно людей поддерживающих путина,лоуки,CONJ,NPRO,INFN,VERB,PREP,NOUN
246,манипулятор фр,фр,NOUN,,,,,
247,любая уважающая себя эт сам поинт фанатка испанской футбольной лиги очень близко знакома с шакирой,эт сам поинт,NPRO,PRTF,ADJF,NOUN,ADJF,ADJF
248,рабочая марсельеза лоуки качает хочу кого-нибудь раскулачить,лоуки,NOUN,ADJF,,VERB,VERB,NPRO
249,твоим потом жиреют обжоры.... соу тру бести,соу тру бести,,NOUN,VERB,,,
250,путь от альфии до эльфиры можно представить ай гесс но еще я не удивлюсь если это натягивание совы на глобус,ай гесс,INFN,PRED,NOUN,CONJ,ADVB,NPRO
251,он тупой фр,фр,ADJF,NPRO,,,,
252,Но правда у меня такой онлайн тейк потому что я в твиттере сижу но ещё блин,тейк,ADVB,ADJF,NPRO,ADVB,CONJ,NPRO
253,сейм у меня такое же с тик токами,сейм,,,,PREP,NPRO,ADJF
254,картинка лоуки сделала весь дизайн сама,лоуки,NOUN,,,VERB,ADJF,NOUN
255,у них лоуки ужасный корпоративный стиль,лоуки,NPRO,PREP,,ADJF,ADJF,NOUN
256,ай гесс для плоских мужчин особо опасен но типа а если у тебя есть жопа,ай гесс,,,,PREP,ADJF,NOUN
257,я Не нервничаю нервы это не про меня я Не знаю что такое нервы нервы ху,ху,NOUN,NOUN,ADJF,,,
258,из зе бар ту лоу спрашиваю для подруги,зе бар ту лоу,PREP,,,VERB,PREP,NOUN
259,ты на фото выглядишь как девочка с пинтереста хоуп зэт хелпс,пинтереста хоуп зэт хелпс,PREP,NOUN,CONJ,,,
260,вьетнам и мьянма фр просто забрали себе весь берег,фр,NOUN,CONJ,NOUN,PRCL,VERB,NPRO
261,дэмн с эмблемой,дэмн,,,,PREP,NOUN,
262,ты пообещала дразнить меня до конца жизни в случае если я дам шанс единственному человеку потенциально во мне заинтересованному айм стилл рекаверинг фром зет,айм стилл рекаверинг фром зет,ADJF,NPRO,PREP,,,
263,я называю это поймали общий вайб со сменщиком,вайб,ADJF,VERB,PRCL,PREP,NOUN,
264,тест такой что страшнее всего потерять я такая сочувствие тест такой гат ит,гат ит,,ADJF,NOUN,,,
265,энивей я живу ради этих штук,энивей,,,,NPRO,VERB,PREP
266,не надо референдума мужик фр сказал какая нахер демократия,фр,NOUN,,NOUN,VERB,ADJF,NOUN
267,энивэй еду со свидания много новостей ничего не расскажу,энивэй,,,,NOUN,PREP,NOUN
268,гендерные роли фр у нас в головах,фр,NOUN,ADJF,,PREP,NPRO,PREP
269,олсо я только что одну такую уже пошутила,олсо,,,,NPRO,ADVB,CONJ
270,теперь лоуки понимаю,лоуки,ADVB,,,VERB,,
271,Я кринжую с него но обычно это знак что ай гет ит,ай гет ит,CONJ,NOUN,PRCL,,,
272,сейм я не помню когда в последний раз хотя бы крикнула от боли,сейм,,,,NPRO,PRCL,VERB
273,мой желудок лоуки единственный кого я хорошо понимаю в своем организме,лоуки,NOUN,ADJF,,ADJF,NPRO,NPRO
274,но типа стилл у меня не были богатыми родители,стилл,NOUN,CONJ,,PREP,NPRO,PRCL
275,но тут еще кайнда,кайнда,ADVB,ADVB,CONJ,,,
276,лайк я не знаю меня заебало что типа,лайк,,,,NPRO,PRCL,VERB
277,казахи не белые но кайнда вэйжн,кайнда вэйжн,CONJ,NOUN,PRCL,,,
278,ай гесс он еще человек который видел мое лицо ближе всех возможно есть смысл ей доверять,ай гесс,,,,NPRO,ADVB,NOUN
279,и все это время это была пикми герл для жалостливых,пикми герл,VERB,PRCL,NOUN,PREP,ADJF,
280,там разве не вонт ю,вонт ю,PRCL,PRCL,ADVB,,,
281,сорри потом попрошу добавить обратно,сорри,,,,ADVB,VERB,INFN
282,технически ай донт,ай донт,ADVB,,,,,
283,ю ду ю но способ не оптимальный,ю ду ю,,,,CONJ,NOUN,PRCL
284,Мой плохой политический тейк это то что таким людям как я должна быть доступна эвтаназия,тейк,ADJF,ADJF,ADJF,PRCL,CONJ,CONJ
285,это плохой политический тейк если думать что государство имеет право решать кому жить а кому нет,тейк,ADJF,ADJF,PRCL,CONJ,INFN,CONJ
286,мой тейк государство может наказывать регулировать и предпринимать превентивные меры но не запрещать,тейк,ADJF,,,NOUN,VERB,INFN
287,единственный тейк который я могу понять это из разряда но что если опекуны будут подписывать эвтаназию за недееспособных но есть смутное подозрение что это можно регулировать,тейк,ADJF,,,ADJF,NPRO,VERB
288,Заставить человека сказать что он тебя любит грозясь постоянно убить себя инсейн,инсейн,NPRO,INFN,ADVB,,,
289,Майкл милый ай гесс,ай гесс,ADJF,NOUN,,,,
290,у меня были всего одни и те с большой натяжкой иф зет хелпс,иф зет хелпс,NOUN,ADJF,PREP,,,
291,бести я тут при чем,бести,,,,NPRO,ADVB,PREP
292,мне кажется они вуд нат тейк зис,вуд нат тейк зис,NPRO,VERB,NPRO,,,
293,вчера она впервые сказала вайб,вайб,,VERB,ADVB,,,
294,я сегодня прошла только один (1) сложный трек с первого раза и получила похвалу из разряда вот тебе надо проходить такие треки те кто вывозят на силе их пройти не могут ай гесс они были правы потому что соучащиеся его с первого раза не прошли но еще вы обозвали меня слабачкой,силе их пройти не могут  ай гесс,PREP,VERB,NPRO,NPRO,VERB,ADJS
295,Я фр обожаю портативные консоли,фр,NPRO,,,VERB,ADJF,NOUN
296,я не совсем поняла значит тейк,тейк,CONJ,VERB,ADVB,,,
297,У него был очень милый сонный вайб,вайб,ADJF,ADJF,ADVB,,,
298,…ладно кажется я поработала меньше четырех велл дэмн,велл дэмн,NUMR,COMP,VERB,,,
299,нет вы не понимаете как крейзи что он присоединился к нам,крейзи,CONJ,VERB,PRCL,CONJ,NPRO,VERB
300,он реально просто хочет быть зет факд ап герл.,зет факд ап герл,INFN,VERB,PRCL,,,
301,демн миша и этот факд ап герл так хороши,факд ап герл,ADJF,CONJ,NOUN,CONJ,ADJS,
302,лоуки я могу себе позволить в таком случае,лоуки,,,,NPRO,VERB,NPRO
303,я ее разбудила она сказала что еще спать будет велл,велл,VERB,INFN,ADVB,,,
304,он потеряет вайб...,вайб,VERB,NPRO,,,,
305,нет вайб только усилится,вайб,PRED,,,ADVB,VERB,
306,вайб будет светить мне прямо в лицо диодом либо перекрывать соседнюю розетку,вайб,,,,VERB,INFN,NPRO
307,кажется речь больше про вайб но еще они лохи,вайб,PREP,COMP,NOUN,CONJ,ADVB,NPRO
308,ай гесс формат тот же но я вспомнила из-за другого твита,ай гесс,,,,NOUN,ADJF,PRCL
309,марина владимировна сказала г?рлз кен хэв э литтл ромэнс. аз э трит,г?рлз кен хэв э литтл ромэнс,VERB,NOUN,NOUN,,NOUN,INTJ
310,зря очень даже кьют,кьют,PRCL,ADVB,ADVB,,,
311,возможно я просто сак эт зе гейм,эт зе гейм,NOUN,PRCL,NPRO,,,
312,да сейм,сейм,PRCL,,,,,
313,олсо иногда я думаю кажется со мной не происходило ничего плохого никогда,олсо,,,,ADVB,NPRO,VERB
314,Мы сидим с инсейн мужиком который не затыкается о том что на маме проклятие ей нужна тибетская медицина специальные стельки с камнями лечащими и очки восстанавливающие зрение,инсейн,PREP,VERB,NPRO,NOUN,ADJF,PRCL
315,энивей как же в зале душно,энивей,,,,CONJ,PRCL,PREP
316,этот тупо переделанный мем лоуки лучше всего объясняет как я чувствую себя,лоуки,NOUN,PRTF,ADVB,COMP,ADJF,VERB
317,энивей я леплю ложки,энивей,,,,NPRO,VERB,NOUN
318,Ну и лоуки фашист,лоуки,CONJ,PRCL,,NOUN,,
319,какой в пизду файнд зе баттн….,файнд зе баттн,NOUN,PREP,ADJF,,,
320,не знаю что значит кьют эра но ладно,кьют,CONJ,CONJ,VERB,NOUN,CONJ,ADJS
321,говоря про кьют,кьют,PREP,GRND,,,,
322,Если я попрошу маму 10 тысяч рублей это инсейн?,инсейн,PRCL,NOUN,NOUN,,,
323,вспомнить что мир существует за пределами тебя все такое айм вэйвин фру э виндоу,айм вэйвин фру э виндоу,ADJF,PRCL,NPRO,,,
324,скажи себе ладно я не обрадовалась жаль но тем не менее штука стоящая радости есть она Есть айлл тейк ит,айлл тейк ит,INFN,NPRO,INFN,,,
325,энивей мне очень сильно надо в аптеку но если я поеду я буквально упаду,энивей,,,,NPRO,ADVB,ADVB
326,гет ерселф э герл которая на хочу веганский человеческий собачий корм сначала осуждает а потом говорит завтра поищем,гет ерселф э герл,,,,ADJF,PREP,
327,энивэй соевое мясо Вещь,энивэй,,,,ADJF,NOUN,NOUN
328,там есть кастом гейм давайте соревноваться,гейм,NOUN,INFN,ADVB,VERB,INFN,
329,блин импоссибл,импоссибл,INTJ,,,,,
330,энивей пол первого у меня ничего не готово по выставке,энивей,,,,NOUN,ADJF,PREP
331,то как она в какой-то момент просто сдаётся и начинает крутить в руках жидкости и бумажки шиз джаст лайк ми фр,шиз джаст лайк ми фр,NOUN,CONJ,NOUN,,,
332,джаст герли сингс разговаривать с головой которую отрубила,джаст герли сингс,,,,INFN,PREP,NOUN
333,российские либералы за полгода не поумнели гуд ту ноу,гуд ту ноу,VERB,PRCL,NOUN,,,
334,настя я тоже не в курсах иф зет хелпс,иф зет хелпс,NOUN,PREP,PRCL,,,
335,Люси сорри реколонизация прошла без вас,сорри,NOUN,,,NOUN,VERB,PREP
336,лоуки думаю у палестины в россии было бы больше поддержки если бы ее не поддерживало правительство,лоуки,,,,VERB,PREP,NOUN
337,моя увлечённость кв достаточно интенсивная ай гесс потому что мои родители до сих пор помнят что они мне нравились,ай гесс,ADJF,ADVB,NOUN,ADVB,CONJ,ADJF
338,Красавица и чудовище параллели инсейн,инсейн,NOUN,NOUN,CONJ,,,
339,я пытаюсь понять он это кинул с мыслями соу тру бести ит зе рич или вот как вы можете стать богатыми или к сожалению только так вы сможете стать богатыми,соу тру бести ит зе рич,,NOUN,PREP,,CONJ,
340,сцена в беседке под дождём ши сэз,ши сэз,,NOUN,PREP,,,
341,и он был типа крейзи,крейзи,NOUN,VERB,NPRO,,,
342,Твоя маник пикси дрим герл,пикси дрим герл,NOUN,ADJF,,,,
343,ай гесс можно,ай гесс,,,,PRED,,
344,Лайк гёрл у меня так всегда,гёрл,NOUN,,,PREP,NPRO,CONJ
345,мы могли бы вдвоем продолжать математическую династию ви кудв хэд ит олл,ви кудв хэд ит олл,NOUN,ADJF,INFN,,,
346,крейзи шаффл от спотифая,крейзи,,,,NOUN,PREP,NOUN
347,я нашла еще один тред с абсурдными вопросами,тред,ADJF,ADVB,VERB,PREP,ADJF,NOUN
348,герл в одном томе дела 250 страниц,герл,,,,PREP,ADJF,NOUN
349,Настя тейк хим ту черч,тейк хим ту черч,NOUN,,,,,
350,Она лоуки еврейка???,лоуки,NPRO,,,NOUN,,
351,дэмн ты еще на пары успеть хочешь,дэмн,,,,NPRO,ADVB,PREP
352,норм у меня лоуки начались галлюцинации,лоуки,NPRO,PREP,NOUN,VERB,NOUN,
353,что хотел сказать автор и что значит кэнт стап хайперстеллар,кэнт стап хайперстеллар,CONJ,CONJ,CONJ,,,
354,С грустью признаю что хи кайнда кукд,хи кайнда кукд,CONJ,VERB,NOUN,,,
355,Мы долго виделись каждый выходные соу лайк,соу лайк,NOUN,ADJF,VERB,,,
356,ай гесс гиперопека тоже плохо,ай гесс,,,,NOUN,PRCL,PRED
357,лоуки скучаю по подшиву дел в суде,лоуки,,,,VERB,PREP,NOUN
358,ну потому что лоуки Она другой человек,лоуки,CONJ,ADVB,PRCL,NPRO,ADJF,NOUN
359,о найс тогда,найс,PREP,,,ADVB,,
360,У нее вайб той кто и Катя и Кейт,вайб,NPRO,PREP,,ADJF,NPRO,CONJ
361,энивей я вообще сюда не за этим пришел,энивей,,,,NPRO,ADVB,ADVB
362,Мне лоуки плохо,лоуки,NPRO,,,PRED,,
363,ай гесс 22 дня приличный срок,ай гесс,,,,,NOUN,ADJF
364,ай гесс ее сына зовут дэв,ай гесс,,,,NPRO,NOUN,VERB
365,энивей это OSCE,энивей,,,,PRCL,,
366,чуть не расплакалась на ви ду вордл эври дэй тугезер,ви ду вордл эври дэй тугезер,PREP,VERB,PRCL,,,
367,бести кто даст выпускнице не педа детей,бести,,,,NPRO,VERB,NOUN
368,только кому я нужен без образования лоуки,лоуки,NOUN,PREP,ADJS,,,
369,чувствую себя очень мам вилл ю вош май бэк но знаю наверняка что ответ нет,вилл ю вош май бэк,NOUN,ADVB,NPRO,CONJ,VERB,ADVB
370,буквально ду ватевер ю нид ту ду ту коуп,ду ватевер ю нид ту ду ту коуп,ADVB,,,,,
371,ай мин ит майт хелп врать не стану,ай мин ит майт хелп,,,,INFN,PRCL,VERB
372,но не фикс,фикс,PRCL,CONJ,,,,
373,велл э френд есть,велл,,,,INTJ,NOUN,INFN
374,ай гесс я пыталась намеренно научиться этому но я не знала что я 1. действительно научилась этому 2. сделала это неосознанно,ай гесс,,,,NPRO,VERB,ADVB
375,велл ай гесс я правда не буду финансировать губительную,,,,,,,
376,велл ай гесс,,,,NPRO,PRCL,PRCL,
377,я говорила что когда я с ней мне кажется что это не я ай гесс это одна из причин,ай гесс,NPRO,PRCL,PRCL,PRCL,ADJF,PREP
378,энивэй последние пять часов я собирала вещи и я хочу смерти,энивэй,,,,ADJF,NUMR,NOUN
379,энивей у меня хлопчатник проклюнулся,энивей,,,,PREP,NPRO,NOUN
380,по нему лоуки видно,лоуки,NPRO,PREP,,CONJ,,
381,ну кстати с выключенным светом комната вайб,вайб,NOUN,NOUN,PRTF,,,
382,Бести спидранит худшие страны в моральном плане,Бести спидранит,,,,ADJF,NOUN,PREP
383,мем может мне фр искать вакансии Только с релокацией и потом семье сделать вид что у меня нет никакого выбора кроме как уехать,фр,NPRO,VERB,NOUN,INFN,NOUN,ADVB
384,ой сорри я просто во все группы переслала,сорри,,INTJ,,,NPRO,PRCL
385,хочу вкусить вайб,вайб,INFN,VERB,,,,
386,Или фр которая щас на оп попросилась туда?,фр,CONJ,,,ADJF,ADVB,PREP
387,Блин я не смогу скатать кажется сегодня сорри,сорри,ADVB,VERB,INFN,,,
388,казанский онлайн. найс,найс,,ADVB,ADJF,,,
389,Тогда я больше к вам не приду сорри,сорри,,VERB,PRCL,,,
390,Далида ты геймер герл?,герл,NOUN,NPRO,,,,
391,сорри я не смогу,сорри,,,,,NPRO,PRCL
392,А тогда найс,найс,ADVB,CONJ,,,,
393,Блин сорри сливаюсь с раунда,сорри,INTJ,,,,VERB,PREP
394,Честно сорри что интернет погнал,сорри,,ADVB,,CONJ,NOUN,VERB
395,Главный поинт - Тоха милашка,поинт,ADJF,,,,NOUN,NOUN
396,Азат зэ стронгэст,зэ стронгэст,NOUN,,,,,
397,Он не хочет мирится с тем  что-ты зе стронгэст,зе стронгэст,NPRO,,CONJ,,,
398,Герлс энд бойс спасибо,Герлс энд бойс,,,,INTJ,,
399,найс рэпер проверяйте,найс,,,,NOUN,VERB,
400,Я не суйцайд герл,суйцайд герл,PRCL,NPRO,,,,
401,иди нафиг я стилл молодая,стилл,NPRO,ADVB,VERB,ADJF,,
402,А ой сорри я оказывается уезжаю сегодня вечером не смогу сыграть :/,сорри,,INTJ,CONJ,,NPRO,VERB
403,Занят сорри,сорри,ADJS,,,,,
404,Парижанка вайб,вайб,NOUN,,,,,
405,Йас вайб жизни Эмили во Франции,Йас  вайб,,,,NOUN,NOUN,PREP
406,игра в нашем руме би лайк,би лайк,NOUN,ADJF,PREP,,,
407,Аналитик би лайк,би лайк,NOUN,,,,,
408,Её брат кул,кул,NOUN,ADJF,,,,
409,ну сорри ты старый хрыч,сорри,PRCL,,,,NPRO,ADJF
410,Вот это майнд Геймс,майнд Геймс,PRCL,PRCL,,,,
411,Арсен сразу ставит лайк,лайк,VERB,ADVB,NOUN,,,
412,Я не могу сорри,сорри,VERB,PRCL,NPRO,,,
413,Уже фулл тайм нянька сорри,сорри,,NOUN,NOUN,,,
414,Англ румы би лайк,би лайк,NOUN,ADJF,,,,
415,Ты этот поинт проработай нормально сначала,поинт,ADJF,NPRO,,VERB,ADVB,ADVB
416,следующий нзт би лайк,нзт би лайк,ADJF,,,,,
417,Психология энивей не наука,энивей,NOUN,,,PRCL,NOUN,
418,Неси дэмн,дэмн,VERB,,,,,
419,Хорошо сорри что быканула,сорри,,ADVB,,CONJ,VERB,
420,Я закинул тейк,тейк,VERB,NPRO,,,,
421,Агностики верующие энивей,энивей,PRTF,NOUN,,,,
422,Они влияют на массы . И если автор этих книг в следующей своей книги скажет сжигайте дома  новый строй не гуд,гуд,PRCL,NOUN,ADJF,,,
423,Только один поинт нашел,поинт,ADJF,ADVB,,VERB,,
424,Ну тип сорри если я не права но в Индии реально проблемы с бедностью,сорри,NOUN,PRCL,,CONJ,NPRO,PRCL
425,Интересно если Я задвину тейк про то какая молодежь нынче дегенеративная Я буду абсолютно прав или прав?,тейк,VERB,NPRO,CONJ,PREP,CONJ,
426,читы олл зе вэй момент когда начнутся вопросы о моем увольнении,олл зе вэй,NOUN,,,NOUN,CONJ,VERB
427,Так он ведь энивей страдает,энивей,PRCL,NPRO,CONJ,VERB,,
428,энивей это базовая потребность,энивей,,,,PRCL,ADJF,NOUN
429,а в чем твой поинт,поинт,ADJF,CONJ,PREP,,,
430,мне кайнда лень,кайнда,NPRO,,,NOUN,,
431,ладно не кайнда,кайнда,PRCL,ADJS,,,,
432,Детерминисты би лайк:,би лайк,NOUN,,,,,
433,Тоже тру,тру,PRCL,,,,,
434,Но энивей,энивей,CONJ,,,,,
435,Тупак би лайк,би лайк,NOUN,,,,,
436,По идее серьёзный поинт,поинт,ADJF,NOUN,PREP,,,
437,Весь диалог би лайк:,би лайк,NOUN,ADJF,,,,
438,Я поищу фр,фр,VERB,NPRO,,,,
439,Ну условно тейк о том что либфемки не продвигают права женщин а лишь корректируют и частично изменяют форму угнетения,тейк,ADVB,PRCL,,PREP,ADJF,CONJ
440,То тогда тейк другие краски принимает,тейк,ADVB,CONJ,,ADJF,NOUN,VERB
441,душнота это указывание на то что ты кайнда хэйт спичишь?)),кайнда хэйт спичишь,NPRO,CONJ,CONJ,,,
442,ребят тут есть тэбберы ай нид ер хелп,ай нид ер хелп,,NOUN,INFN,,,
443,Оо найс а то у нас один челик все турики выигрывает так скучно..,Оо найс,,,,,CONJ,CONJ
444,фейк ит тил ю мейк ит как говорится))),ит тил ю мейк ит,NOUN,,,CONJ,VERB,
445,Зареминем би лайк,би лайк,NOUN,,,,,
446,ну увижу подумаю найс ногти и все,найс,VERB,VERB,PRCL,NOUN,CONJ,PRCL
447,фак ю со своими дебатами де,фак ю,,,,PREP,ADJF,NOUN
448,Лимонов би лайк,би лайк,NOUN,,,,,
449,настоящие центристы би лайк,би лайк,NOUN,ADJF,,,,
450,По мне проехался грузовик втф,втф,NOUN,VERB,NPRO,,,
451,Переслушал сегодня М.Л.К с ай хав дрим,ай хав дрим,PREP,PREP,,,,
452,сорри если ждали,сорри,,,,,CONJ,VERB
453,ай хав защита,ай хав,,,,NOUN,,
454,Слава продолжает свои майнд геймс,майнд геймс,ADJF,VERB,NOUN,,,
455,Бля мне кажется это майнд геймс,майнд геймс,PRCL,,VERB,,,
456,Слава майнд геймс,майнд геймс,NOUN,,,,,
457,Первый поинт,поинт,ADJF,,,,,
458,Второй поинт,поинт,ADJF,,,,,
459,а ой сорри,сорри,INTJ,CONJ,,,,
460,Сорри симс лайк я не смогу забыл предупредить,симс лайк,,INTJ,,NPRO,PRCL,VERB
461,уровень дискуссии в восточной европе би лайк:,би лайк,NOUN,ADJF,PREP,,,
462,ой да сорри сорри,сорри сорри,PRCL,INTJ,,,,
463,Вы все крейзи,крейзи,PRCL,NPRO,,,,
464,POI в новой мете би лайк:,би лайк,NOUN,ADJF,PREP,,,
465,новости сегодня би лайк:,би лайк,ADVB,NOUN,,,,
466,Я сольюсь сорри,сорри,VERB,NPRO,,,,
467,чуваки я минус сорри,сорри,CONJ,NPRO,,,,
468,Айм со сорри,сорри,PREP,NOUN,,,,
469,Бест оф зе бест оф кз коммьюнити,оф зе бест оф кз коммьюнити,NOUN,,,,,
470,ну скинь ссылку энивей,энивей,NOUN,VERB,PRCL,,,
471,ооо найс,найс,NOUN,,,,,
472,кэн ай повинговать тогда,кэн ай повинговать,,,,ADVB,,
473,Зарождение жизни на Игнатхате би лайк,би лайк,NOUN,PREP,NOUN,,,
474,но днем будет кайнда жарко,кайнда,VERB,NOUN,CONJ,ADVB,,
475,Курильщики на этой теме би лайк,би лайк,NOUN,ADJF,PREP,,,
476,да и это кайнда весело,кайнда,PRCL,CONJ,PRCL,ADVB,,
477,алибек тру мвп этого раунда,тру мвп,NOUN,,,NPRO,NOUN,
478,У него супер кьют акцент ещё,кьют,ADJF,NPRO,PREP,NOUN,ADVB,
479,Ребят сильно приболел я наверное слетаю с сетки сорри,сорри,,NOUN,PREP,,,
480,найс конечно но я не думаю что у нас 65,найс,,,,CONJ,CONJ,NPRO
481,че за зе аргумент рум,зе аргумент рум,PREP,NOUN,,,,
482,Добрый вайб,вайб,ADJF,,,,,
483,Я в поезде сорри,сорри,,NOUN,PREP,,,
484,ну согласен кайнда,кайнда,ADJS,PRCL,,,,
485,тру по идее,тру,,,,PREP,NOUN,
486,тебе пофиг на Панем? типа ай донт кейр,ай донт кейр,NOUN,,ADJS,,,
487,Честно донт гет ит,донт гет ит,ADVB,,,,,
488,Разумные обезъяны би лайк,би лайк,NOUN,ADJF,,,,
489,Ооо кул кул,кул кул,NOUN,,,,,
490,так шо зе ворлд кидаете на пропах и изи побеждаете,зе ворлд,NPRO,CONJ,,VERB,PREP,VERB
491,я фр,фр,NPRO,,,,,
492,О найс,найс,PREP,,,,,
493,Привет  сорри,сорри,,NOUN,,,,
494,Такой вайб,вайб,ADJF,,,,,
495,но если будет раунд то кул,кул,CONJ,NOUN,VERB,,,
496,да я ради айс латте фр хочу поступить,фр,NOUN,NOUN,PREP,VERB,INFN,
497,иф йес то во скок,иф йес,,,,,CONJ,PREP
498,но пиджак у меня был классным фр,фр,ADJF,VERB,NPRO,,,
499,но я не буду говорить ибо будет казаться уайт пипл проблемс,пипл проблемс,NOUN,INFN,VERB,,,
500,такие высказывания стилл не очень,стилл,NOUN,ADJF,,PRCL,ADVB,
501,они называли нас аниме гёрл,гёрл,NOUN,NPRO,VERB,,,
502,А в каких он числах фр,фр,NOUN,NPRO,ADJF,,,
503,Чел сверху тру панк (хой!),тру панк ( хой,ADVB,NOUN,,,,
504,хотя стилл это норма для ниша,стилл,,CONJ,,PRCL,NOUN,PREP
505,посадил за аккаунт в игре младшего брата би лайк,би лайк,NOUN,ADJF,NOUN,,,
506,Мой вайб,вайб,ADJF,,,,,
507,И будет кул,кул,VERB,CONJ,,,,
508,прост нас заносит в хайки,хайки,PREP,VERB,NPRO,,,
509,только тру эгоист станет настоящим гением дебатов,тру,ADVB,,,NOUN,VERB,ADJF
510,А ты крейзи,крейзи,NPRO,CONJ,,,,
511,Тогда тем более крейзи,крейзи,ADVB,CONJ,ADVB,,,
512,Деколонизация би лайк,би лайк,NOUN,,,,,
513,Вот тру типология,тру,PRCL,,,NOUN,,
514,Спасительный тейк про отношения,тейк,ADJF,,,PREP,NOUN,
515,Там 71 потому что им надо было поставить первый (стилл верю что первый за тот раунд у меня),стилл,,ADJF,INFN,VERB,CONJ,ADJF
516,у мухи был поинт насчет этого,поинт,VERB,NOUN,PREP,PREP,NPRO,
517,ты стилл меня не знаешь наверное,стилл,NPRO,,,NPRO,PRCL,VERB
518,я ток с аленом ребят сорри,сорри,NOUN,NOUN,PREP,,,
519,На финале вы несли откровенную шизу энивей,энивей,NOUN,ADJF,VERB,,,
520,Хотя тейк про котенок ребёнок как по мне,тейк,CONJ,,,PREP,NOUN,NOUN
521,Да не мне вайб не заходит,вайб,NPRO,,PRCL,PRCL,VERB,
522,сорри ребятки проспал немного раунд но теперь он очень поздно начинается,сорри,,,,NOUN,VERB,ADVB
523,на меня наехали за то что я сидя дал поинт,поинт,VERB,ADVB,NPRO,,,
524,Тот самый чел который проходит на хардкоре адвенчур мода в плоском мире майнкрафт би лайк:,би лайк,NOUN,NOUN,ADJF,,,
525,А все гуд,гуд,PRCL,CONJ,,,,
526,Привет всем! А никто не подскажет какие используются решения для чатботов в настоящее время? Я вот нашел только hred со всякими примочками типа аттеншн. Есть что-нибудь что лучше этой модели?,аттеншн,NOUN,NOUN,ADJF,,INFN,NPRO
527,Да тут весь тред о том как вам все должны сделать как надо,тред,ADJF,ADVB,PRCL,PREP,ADJF,
528,Всем привет! Дайте совет новичку.,,,,,,,
529,,,,,,,,
530,,,,,,,,
531,,,,,,,,
532,,,,,,,,
533,,,,,,,,
534,хелп,ADJF,,NOUN,,PREP,NOUN,
535,если не ошибаюсь то ты также получаешь и значение в тексте сущности,,,,,,,
536,поинт,NOUN,NOUN,PREP,PREP,ADJF,,
537,ой сорри,сорри,,INTJ,,,,
538,сорри но не смогу ничем помочь оперативно,сорри,,,,,CONJ,PRCL
539,Аа сорри слово аудио проглядел,сорри,,INTJ,,,NOUN,NOUN
540,сорри английский ),сорри,,,,,ADJF,
541,Нейронные аттеншн их сети,аттеншн,,ADJF,,NPRO,,NOUN
542,З.Ы. весь тред не читал в нем слишком много негатива поэтому мои ответы уже могут быть не актуальны да,тред,ADJF,,NOUN,PRCL,VERB,
543,pplm от языка не зависит от слова вообще поэтому не выкупил поинт.,поинт,VERB,PRCL,ADVB,,,
544,если разделение до 20 символов до следующего факта то тру),тру,CONJ,NOUN,ADJF,,,
545,еще несколько лет назад сфера NLP для русского языка была довольно ограничена и была такой штукой для гиков а теперь появился и большой ресерч и инструменты,ресерч,,ADJF,,,CONJ,NOUN
546,ну UFEATS вроде есть у всех :),,,,,,,
547,энивей,PRCL,,ADJF,,CONJ,NOUN,
548,Вещь работает плохо на нашей задаче. Как сделать фикс который правит около 5000 неправильно созданных форм ФИО я не знаю,фикс,INFN,CONJ,,,ADJF,VERB
549,Ну тип аттеншн на эксперта,аттеншн,NOUN,PRCL,,PREP,NOUN,
550,найс надо поиграться с комбинированием других моделей. спасибо!,найс,,,,,PRED,INFN
551,Еще лучше докинуть аттеншн,аттеншн,INFN,COMP,ADVB,,,
552,А может лучше аттеншн?),аттеншн,COMP,VERB,CONJ,,,
553,Сделайте доп фичу вида вижу целевой оборот. Такой искусственный аттеншн получится.,аттеншн,ADJF,ADJF,,VERB,,
554,тыкал - сейм шит. ну и вообще вроде этот парметр про повторение одного и того же токена,сейм шит,,VERB,,,PRCL,CONJ
555,Почему не используется crf вместо аттеншн в трансформере?,аттеншн,PREP,,VERB,PREP,NOUN,
556,С нарезкой и сверху блок аттеншн,аттеншн,NOUN,ADVB,CONJ,,,
557,потому что вы за рамки русского языка глядеть не привыкли сорри,сорри,,VERB,PRCL,,,
558,По сравнению с use гуд,гуд,,PREP,NOUN,,,
559,сорри если что я правда пишу как вижу приближение данных к реальности,сорри,,,,,CONJ,CONJ
560,А сорри это про обучение,,,,,,,
561,сорри,,CONJ,,,PRCL,PREP,
562,тогда не знаю сорри,сорри,,VERB,PRCL,,,
563,энивей нужен конвертер,энивей,,,,,ADJS,NOUN
564,Здравствуйте товарищи! А как возможно молодому и относительно зелёному (у меня суммарно чуть больше года опыта работы в ML в основном NLP) попасть в ресерч? Это в целом возможно?,ресерч,PREP,INFN,,,PRCL,PREP
565,а почему их должно быть мало?,,,,,,,
566,кей поинт,ADJF,,NUMR,PREP,ADJF,,
567,А сорри на распознал спросонья,сорри,CONJ,,,,PREP,VERB
568,спасибо энивей,энивей,INTJ,,,,,
569,сорри но я и не работаю в компаниях которые сейчас реально теряют деньги например,сорри,,,,,CONJ,NPRO
570,Коллективный разум нид хелп! Отсутствие пробелов в тексте это орфографическая ошибка или синтаксическая?,нид хелп,,NOUN,ADJF,,NOUN,NOUN
571,Ну и в пейперах если это ресерч тоже иногда пишут сколько чего ест,ресерч,PRCL,CONJ,,,PRCL,ADVB
572,а ещё сколько ж у людей времени по нынешним временам (сорри за тавтологию) на такие штуки прямо не могу класс,сорри,,NOUN,ADJF,PREP,NOUN,
573,А всё дочитала до сути сорри за оффтоп,сорри,,NOUN,PREP,PREP,NOUN,
574,не говори гоп пока не перепрыгнул),,,,,,,
575,ресерч,,CONJ,ADJF,INFN,ADVB,,
576,Мой поинт был только в том какой именно лучше,поинт,ADJF,,,VERB,ADVB,PREP
577,сделать спидран что же ещё тут просят,спидран,INFN,,,,CONJ,PRCL
578,На API прям нормик. Типа раз в день вылетает 500-Ая в остальном пашет гуд,гуд,VERB,ADJF,PREP,,,
579,Какая именно? Мне тоже нужно что аут оф зэ бокс была годная-годная )),оф зэ,NOUN,CONJ,PRED,NOUN,VERB,ADJF
580,хороший поинт,поинт,ADJF,,,,,
581,найс спасибо,найс,,,,,INTJ,
582,пипл хавает,пипл,,,,NOUN,,
583,Ну он пишет ресерч код эээ POC без проверки что этот код работает,ресерч,VERB,NPRO,PRCL,NOUN,,INTJ
584,гуд поинт,,,,,,,
585,гуд поинт,,,,PREP,PRCL,PRCL,
586,но тут очень гуд поинт,гуд поинт,ADVB,ADVB,CONJ,,,
587,ресерч не делал сколько раз она скатывается в англ в таком случае но реально редко,ресерч,,,,PRCL,VERB,ADVB
588,Спасибо! Да такой вариант мне тоже кажется наиболее логичным. Не очень понял про Ай джаст гес что это такое?,джаст гес,INTJ,,PREP,,,CONJ
589,господа а про че тред?,тред,NOUN,PREP,CONJ,,,
590,а что делает lock? Может там есть синхронная операция которая тред лочит?,тред лочит,ADJF,NOUN,ADJF,,,
591,получается вы лочите тред выполнения и у вас все запросы выполняются последовательно и видимо падают по таймауту,тред,NOUN,NPRO,VERB,NOUN,CONJ,PREP
592,сорри глюк языковой модели,сорри,,,,,NOUN,ADJF
593,тут ресерч нужен полноценный который я понятное дело не проводил,ресерч,ADVB,,,ADJS,ADJF,
594,сорри за тупой вопрос но смогу ли я добавить еще слоев в модель для их обучения?,сорри,,,,PREP,ADJF,NOUN
595,лава би лайк,би лайк,NOUN,,,,,
596,так output_attentions при инференсе False и этот иф не срабатывает и работает новая реализация,иф,ADJF,CONJ,,PRCL,VERB,
597,Странный тейк,,,,,,,
598,тейк,ADJF,,,PRCL,PRCL,CONJ,
599,А вот я пробую через питон это все запускать не хочет работать метод batch_. В ишках на гитхабе видел тред что пока не добавляли такую возможность. Опять же может меня кто-то поправит могу быть не прав.,тред,VERB,NOUN,PREP,,CONJ,ADVB
600,ду сампл на фолз и убрать no repeat beams top p,ду сампл на фолз,,,,CONJ,INFN,
601,олсо режим сна исправляю,олсо,,,,NOUN,NOUN,VERB
602,ты просто спросила про фильмы в августе и я подумала дэмн она выбрала единственный месяц в этом году где новых фильмов Не Было? кто она? составительница егэ?,дэмн,VERB,NPRO,CONJ,NPRO,VERB,ADJF
603,дэмн тот факт что я не умирала весь день теперь кажется выдающимся,дэмн,,,,ADJF,NOUN,CONJ
604,ай кип путтинг офф разговоры об этом но хонестли невер нот тхинкинг о том чем кончается сцена интервью зарины с айшей,ай кип путтинг офф,,,,NOUN,PREP,NPRO
605,о они старые фр,фр,ADJF,NPRO,PREP,,,
606,гершвин правда не отложился но гершвин был айлл тейк ит,айлл тейк ит,VERB,NOUN,CONJ,,,
607,время два часа фр,фр,NOUN,NUMR,NOUN,,,
608,велл с переменным успехом получается,велл,,,,PREP,ADJF,NOUN
609,у меня в голове этот мем из филадельфии санта дид ю фак май мазер но там не санта и не май мазер. ю гет ит,дид ю фак май мазер но там не санта и не май мазер . ю гет ит,NOUN,NOUN,PREP,,,
610,олсо я не знаю насколько это было подходящее место для фразы про мир во всём мире она же в этом странном пространстве находится между иронией и искренностью,олсо,,,,NPRO,PRCL,VERB
611,ирония судьбы фр,фр,NOUN,NOUN,,,,
612,бывало и больше (сенд хелп),сенд хелп,,COMP,CONJ,,,
613,крис чибнелл ТРУС вхен ит каунтс несмотря на все посягательства на лор,вхен ит каунтс,NOUN,NOUN,NOUN,PREP,PREP,PRCL
614,подружка бести,бести,NOUN,,,,,
615,не поверишь сейм,сейм,VERB,PRCL,,,,
616,фр один человек,фр,,,,ADJF,NOUN,
617,энд ай донт ивен ноу иф зетс комплитли тру но типа,энд ай донт ивен ноу иф зетс комплитли тру,,,,CONJ,NOUN,
618,пипл джаст сэй щит в твиттере как вы там находитесь дольше нескольких минут,пипл джаст сэй,,,,NOUN,PREP,NOUN
619,эт зис поинт я уверена что однажды она просто вбросит что-то типа может тебе нравится какой-то мальчик? …девочка?,эт зис поинт,,,,NPRO,PRTS,CONJ
620,айлл гив х?р зет люблю циферки,айлл гив х?р зет,,,,VERB,NOUN,
621,они вписали рите морено реплику ай лайк ту би ин америка,ай лайк ту би,NOUN,PRTS,NOUN,PRCL,NOUN,
622,мне кажется этот опыт того не стоит но ю ду ю,ю ду ю,CONJ,VERB,PRCL,,,
623,она проверяет цепочки в моей схеме антил ай мультимер,антил ай,NOUN,ADJF,PREP,NOUN,,
624,кайнда к слову,кайнда,,,,PREP,NOUN,
625,.. реально иф ю ноу ю ноу если до этого когда какие-то языки кроме русского звучали появлялись бы субтитры то к этому моменту нет,иф ю ноу ю ноу,ADVB,,,CONJ,PREP,NPRO
626,вот не дала себе написать фр сейчас написала реально,фр,INFN,NPRO,VERB,ADVB,VERB,ADVB
627,плюс нового слушателя ин зет ай донт хэв ту кам ап виз э нью деливери,зет ай донт хэв ту кам ап виз э нью,PRCL,NOUN,ADJF,NOUN,,
628,ай фил лайк ай шуд нот би аскинг ю но хз кому ещё о таком писать вообще можно,ай фил лайк ай шуд нот би аскинг ю но хз,,,,NPRO,ADVB,PREP
629,возможно я неправильно поняла что ты имеешь в виду под зис,зис,PREP,NOUN,PREP,,,
630,модс ар эслип айлл сэй ит женатые,модс ар эслип айлл сэй ит,,,,ADJF,,
631,о дэмн,дэмн,PREP,,,,,
632,э гуд ван,гуд,INTJ,,,PRCL,,
633,фил: айм зе беттер френд я тебе первый написал в новом году,,,,,,,
634,айм зе беттер,,NOUN,,NOUN,NPRO,NPRO,
635,и ещё эта штучка на носу которая не совсем горбинка. типа она не вверх а в стороны. кен эниван хир ми,кен эниван хир,,NOUN,PREP,NOUN,,
636,но сегодня я ещё заметила что она у меня несимметричная и одним боком выше чем другим и я знаю что это не увидит вероятно никто никогда бат ай стилл фил аыаыэь эбаут ит,ай стилл фил аыаыэь эбаут ит,NOUN,ADVB,NPRO,,,
637,мне кажется ты говоришь это (ну про длину. зе сайд партинг тхинг вбк) только потому что я последние несколько дней ною тебе о внешности Активно,зе сайд партинг тхинг вбк,,NOUN,PREP,,ADVB,ADVB
638,ходила чистить снег на балконе подумала зис из сооу 2015,зис из сооу,VERB,NOUN,PREP,,,
639,геноциды и выборы энд ватевер элс из гоин он зиз дэйс,энд ватевер элс из гоин он зиз дэйс,NOUN,CONJ,NOUN,,,
640,энивэй своя собственная вещь конечно,энивэй,,,,ADJF,ADJF,NOUN
641,как говорится нау зе бой из твенти,нау зе бой из твенти,VERB,CONJ,,,,
642,там даже нет тейка технически мне нечего обзывать но я Чувствую тейк и он хуевый,тейк,VERB,NPRO,CONJ,CONJ,NPRO,ADJF
643,энд зет дазнт сим квайт райт теперь,энд зет дазнт сим квайт райт,,,,ADVB,,
644,есть момент где мальчик в гости приходит и спрашивает а как это блюдо называется пытается повторить название не попадает в произношение смолл тхингс,смолл тхингс,NOUN,PREP,VERB,,,
645,энивэй. ну как тебе мам сказать,энивэй,,,,,PRCL,CONJ
646,энд зет ай эм нот джаст эн андефайнбл лохушка,энд зет ай эм нот джаст эн андефайнбл,,,,NOUN,,
647,что можно умом объяснить мол эт зис пойнт зе стейкс ар олл овер зе плейс,эт зис пойнт зе стейкс ар олл овер зе плейс,PRCL,INFN,NOUN,,,
648,там же целый тред был,тред,ADJF,PRCL,ADVB,VERB,,
649,типа во Вселенском масштабе ай дез?рв зет но в плане глубоко личном пшла нафиг,ай дез?рв зет,NOUN,ADJF,PREP,CONJ,PREP,NOUN
650,энивэй мем там в метро почему-то джони митчелл играла,энивэй,,,,NOUN,ADVB,PREP
651,я очень плохо помню кей-он ши сэз,ши сэз,,NPRO,VERB,,,
652,мне есть с чем тут спорить и есть чем бат ай шуд пробабли,ай шуд пробабли,NOUN,CONJ,INFN,,,
653,ощущение что эт сам пойнт. ит куд конс?рн э волл,эт сам пойнт . ит куд конс?рн э волл,CONJ,NOUN,,,,
654,я не знаю шуд ай трай ту мейк майселф лайк зис тхинг ор эм ай эллауд ту стик бай май гат,шуд ай трай ту мейк майселф лайк зис тхинг ор эм ай эллауд ту стик бай май гат,VERB,PRCL,NPRO,,,
655,очевидно если герой задуман одним образом и интерпретирован преимущественно тем же образом то он можно сказать официально Такой? ай стилл хэв э райт ту хейт хим зоу он вымышленный ему насрать,ай стилл хэв э райт ту хейт хим зоу,,ADJF,ADVB,NPRO,ADJF,NPRO
656,фальцетов я пыталась с особой активностью пропихнуть тогда же уич из самфинг ай олсо стэнд бай,уич из самфинг ай олсо стэнд,PRCL,ADVB,INFN,NOUN,,
657,я не скажу с чистой совестью что у меня тогда уже Был Вкус лукинг бэк эт сам оф зе тхингс ай инджойд,бэк эт сам оф зе тхингс ай инджойд,NOUN,NOUN,VERB,,,
658,ЗАБЫЛА В ЭТОТ РАЗ ПРИПИСАТЬ риттен энд директед бай э вуман,энд директед бай э вуман,NOUN,INFN,NOUN,,,
659,потому что ты живешь в россии хоуп зэт хелпс,хоуп зэт хелпс,NOUN,PREP,VERB,,,
660,олсо ты видишь её не впервые,олсо,,,,NPRO,VERB,ADJF
661,сейм сичуэйшн не мое хобби,сейм сичуэйшн,,,,PRCL,ADJF,NOUN
662,поезжай со мной летом в горы послушать вижнс оф зе кантри,вижнс оф зе,INFN,NOUN,PREP,NOUN,,
663,ну так сказать не фор хер ба дум тс,фор хер ба дум тс,PRCL,INFN,CONJ,,,
664,да но это не поинт????,поинт,PRCL,PRCL,CONJ,,,
665,очень кул!!!!,кул,ADVB,,,,,
666,олсо не интуитивно знаю а потому что перед тем как остаться одна уточняю,олсо,,,,PRCL,ADVB,VERB
667,олсо откатывая назад,олсо,,,,GRND,ADVB,
668,лоуки мне кажется бракоразводный процесс такой веселый,лоуки,,,,NPRO,VERB,ADJF
669,он же у себя спросил ду ю лайк глиттер,ду ю лайк,VERB,NPRO,PREP,VERB,,
670,точно буду в кафе такая. олл зе пипл эт зис парти зейв гат э лот оф стайл,олл зе пипл эт зис парти зейв гат э лот оф,,ADJF,NOUN,NOUN,,
671,буду петь ай гейв ю э ютиай себе,ай гейв ю э ютиай,INFN,VERB,,NPRO,,
672,приеду домой напомни показать откуда ю олвейс ду,ю олвейс ду,ADVB,INFN,VERB,,,
673,самфинг самфинг ещё тот мой опыт,самфинг самфинг,,,,ADVB,ADJF,ADJF
674,хотела сказать мол. зе рэндж оф деколониальных гендерных эпистемологий и щелчков на двоих,зе рэндж оф,,PRCL,INFN,ADJF,ADJF,NOUN
675,его не видно но я помню где он и когда туда тыкаю болит. иф зет хелпс,иф зет хелпс,,VERB,VERB,,,
676,ай гесс поэтому она и появилась раньше,ай гесс,,,,ADVB,NPRO,CONJ
677,которых ай донт ивен квайт гет нау..,ай донт ивен квайт гет нау,ADJF,,,,,
678,вайлд не то слово,вайлд,,,,PRCL,CONJ,NOUN
679,а что у вас тут в кармане ценю ваше любопытство но что-то должно остаться между мной и моим ангелом... ю ар инсейн. невер чендж,ю ар инсейн . невер чендж,,,NOUN,,,
680,возможно ты не поняла что когда я говорила фор ризонс я имела в виду намерение разучить танцы,фор ризонс,VERB,NPRO,CONJ,NPRO,VERB,PREP
681,и как это мэй ор мэй нот би рилейтед ту зе намбер оф вимен лидинг зе продакшен,мэй ор мэй нот би рилейтед ту зе намбер оф вимен лидинг зе продакшен,PRCL,CONJ,CONJ,,,
682,ну знаешь самфинг самфинг то как сильно sense of self-worth женщин традиционно привязывается к красоте и романтике все дела,самфинг самфинг,VERB,PRCL,,CONJ,CONJ,ADVB
683,олсо я впервые вижу Это.,олсо,,,,NPRO,ADVB,VERB
684,лоуки тоже оптимистичная теория,лоуки,,,,PRCL,ADJF,NOUN
685,солт виз киссес лоуки звучит,солт виз киссес лоуки,,,,VERB,,
686,дэмн он реально ее не хочет,дэмн,,,,NPRO,ADVB,NPRO
687,ит эйнт ми бейб как у боба дилана,ит эйнт ми бейб,,,,CONJ,PREP,NOUN
688,там мол ты ищешь кого-то ту дефенд ю везер ю ар райт ор ронг,дефенд ю везер ю ар райт ор ронг,ADJF,NPRO,VERB,,,
689,как приятно заболеть будут все тебя жалеть ай си ю,ай си ю,INFN,NPRO,PRCL,,,
690,дэмн оказывается у тебя много соратников,дэмн,,,,VERB,PREP,NPRO
691,мол и там и сям разные штуки мне интересные тем и сем ай хоуп зет воркс кохирентли в комбинации,ай хоуп зет воркс кохирентли,PRCL,CONJ,CONJ,PREP,NOUN,
692,серые блоки лоуки самый крутой человек которого я видела,лоуки,NOUN,ADJF,,ADJF,ADJF,NOUN
693,дэмн вот это суть,дэмн,,,,PRCL,PRCL,VERB
694,и мы можем покрыть его стразами ай гесс?,ай гесс,NOUN,NPRO,INFN,,,
695,но лоуки правда,лоуки,CONJ,,,PRCL,,
696,ого они фр даже не пытались сделать аналогии размытыми,фр,NPRO,INTJ,,PRCL,PRCL,VERB
697,я понимаю точку зрения и лоуки принимаю но еще типа. почему тогда ты не приехала в россию.,лоуки,CONJ,NOUN,NOUN,VERB,CONJ,ADVB
698,если я скажу что это и так зе мейн вэй это будет приятно или оскорбительно,зе мейн вэй,CONJ,CONJ,PRCL,PRCL,VERB,ADVB
699,у меня МУСОР в голове хоуп зет хелпс,хоуп зет хелпс,NOUN,PREP,NOUN,,,
700,это звучит как выдающейся степени намёк иф нафинг элс.....,иф нафинг элс,NOUN,NOUN,ADJF,,,
701,а ты кэн рилейт,кэн рилейт,NPRO,CONJ,,,,
702,ай майт сэй зет при встрече,ай майт сэй зет,,,,PREP,NOUN,
703,ай гесс хотели чтобы был чисто женским??,ай гесс,,,,VERB,CONJ,VERB
704,мечта лоуки,лоуки,NOUN,,,,,
705,герлс донт плэй гитарс фр тупая фраза он что не видел ким минджон,герлс донт плэй гитарс фр,,,,ADJF,NOUN,NPRO
706,ви гет ит это тайкин фильм,ви гет ит,,,,PRCL,NOUN,NOUN
707,о дэмн,дэмн,PREP,,,,,
708,кстати фр хороший вопрос,фр,CONJ,,,ADJF,NOUN,
709,олсо я собиралась сделать энное количество штук в феврале,олсо,,,,NPRO,VERB,INFN
710,ай гесс в целом идея все еще актуальна? человек который впервые об этом слышит не хочет слышать много,ай гесс,,,,PREP,NOUN,NOUN
711,весь бихайнд зе синс??,бихайнд зе синс,ADJF,,,,,
712,иногда твой мозг говорит тебе правду гуд фор ю,гуд фор ю,NOUN,NPRO,VERB,,,
713,может я сказала типа не мне решать но кажется ит стилл Лэндед,ит стилл,VERB,CONJ,INFN,NOUN,,
714,ай лайк лайкинг тхингс как говорил абед,ай лайк лайкинг тхингс,,,,CONJ,VERB,NOUN
715,злодея тут ю гессд ит убили,ю гессд ит,ADVB,NOUN,,VERB,,
716,диднт фил лайк ит но фактически была,диднт фил лайк ит,,,,CONJ,ADVB,VERB
717,ай донт ноу иф ай хэв ит ин ми ту экспресс майселф взвешенно и рационально,ай донт ноу иф ай хэв ит ин ми ту экспресс майселф,,,,ADVB,CONJ,ADVB
718,дэмн там подборка фандомов,дэмн,,,,ADVB,NOUN,NOUN
719,ну и господь с ним ай гесс,ай гесс,NPRO,PREP,NOUN,,,
720,энивэй я не это пришла написать,энивэй,,,,NPRO,PRCL,PRCL
721,да сейм,сейм,PRCL,,,,,
722,тогда не найс.,найс,PRCL,ADVB,,,,
723,олсо посмотрела видео где рассказывают как песню делали,олсо,,,,VERB,NOUN,ADVB
724,нет наверное могу но об этом легче думать чем про всякую страшную муть соу ай эллау ит,соу ай эллау ит,NOUN,ADJF,ADJF,,,
725,шиз лефтхэндед типа она уже есть?,шиз лефтхэндед,,,,NOUN,NPRO,ADVB
726,энивэй она Хотела Знать Что В Мире Происходит И Как Это Исправить,энивэй,,,,NPRO,VERB,INFN
727,олсо усталость мешала,олсо,,,,NOUN,VERB,
728,обычно у них вообще не особо подмышки есть ай гесс,ай гесс,INFN,NOUN,ADVB,,,
729,я слишком много времени провела ворча на людей оправдывающихся тем что они всего один человек тм ту лет майселф офф зе хук нау,тм ту лет майселф офф зе хук нау,NOUN,ADJF,ADJF,,,
730,джаст ми энд сам силли литтл постс,джаст ми энд сам силли литтл,,,,NOUN,,
731,жизнь фр,фр,NOUN,,,,,
732,ничего страшного но я надеялась что это дазнт сим лайк зе райт финг потому что это неправда,дазнт сим лайк зе райт,PRCL,CONJ,VERB,NOUN,ADVB,CONJ
733,я посмотрела ай ноу вер айм гоинг,ай ноу вер айм,VERB,NPRO,,NOUN,,
734,я подумала что ты переставила слова в зе фолт оф ауэр старс и пыталась понять зачем,зе фолт оф ауэр старс,PREP,NOUN,VERB,CONJ,VERB,INFN
735,гад ай виш в нашей семье было бы принято говорить об утратах,ай виш,NOUN,,,PREP,ADJF,NOUN
736,о дэмн,дэмн,PREP,,,,,
737,хотя я уверена что они лоуки игнорируют весь контент с собой,лоуки,NPRO,CONJ,PRTS,VERB,ADJF,NOUN
738,джони ещё пела боф сайдс нау бикоз оф корс ши дид,боф сайдс нау бикоз оф корс ши дид,VERB,ADVB,NOUN,,,
739,типа фр один в один,фр,NOUN,,,ADJF,PREP,ADJF
740,дэмн качество не просто хорошее оно идеальное,дэмн,,,,NOUN,PRCL,PRCL
741,сказать слэй ничего не сказать,слэй,INFN,,,ADVB,PRCL,INFN
742,нет я опять вилл джаст энд ап крайинг он зе бафрум флор энд дринкинг ту зе пойнт оф слайт брейн демедж,вилл джаст энд ап крайинг он зе бафрум флор энд дринкинг ту зе пойнт оф слайт брейн демедж,ADVB,NPRO,PRED,,,
743,ладно ай дид нот Дринк ту зе пойнт оф брейн демедж ай джаст дрэнк ту зе пойнт оф лузинг слип энд зе Комбинейшен оф дринкинг энд слип депривейшен ай фил лайк гейв ми брейн демедж,ай дид нот Дринк ту зе пойнт оф брейн демедж ай джаст дрэнк ту зе пойнт оф лузинг слип энд зе Комбинейшен оф дринкинг энд слип депривейшен ай фил лайк гейв ми брейн демедж,ADJS,,,,,
744,энивэй мы с мамой посмотрели,энивэй,,,,NPRO,PREP,NOUN
745,невероятно фр,фр,ADVB,,,,,
746,олсо говоря о концертном кино он затронул джаз в летний день и я такая. ах да. ты смотрел Всё,олсо,,,,GRND,PREP,ADJF
747,я сделала режим сна Немного менее всратым ай гесс,ай гесс,NOUN,ADVB,ADVB,,,
748,где на фоне звучит ай вилл олвейс лав ю долли партон,ай вилл олвейс лав ю,VERB,NOUN,PREP,NOUN,NOUN,
749,вилл ду я сдаюсь,вилл ду,,,,NPRO,VERB,
750,это алледжедли болезненно но плюс-минус результативно но в моей жизни всё болезненно и плюс-минус результативно так что какая разница,алледжедли,PRCL,,,ADVB,CONJ,INTJ
751,никак не могу хоуп зет хелпс is the mean answer to that,хоуп зет хелпс,VERB,PRCL,ADVB,,,
752,но кстати ее лоуки тоже,лоуки,NPRO,CONJ,CONJ,PRCL,,
753,я не придумала шутку о гуд в названии,гуд,PREP,NOUN,VERB,PREP,NOUN,
754,у хороших шоу гуд в названии,гуд,NOUN,ADJF,PREP,PREP,NOUN,
755,я написала ай виш ай хэд ван и почему-то не дала себе это отправить,ай виш ай хэд,VERB,NPRO,,PRCL,CONJ,ADVB
756,велл да но нет,велл,,,,PRCL,CONJ,PRED
757,спасибо бести,бести,INTJ,,,,,
758,у третьей тоже лоуки нет,лоуки,PRCL,ADJF,PREP,PRED,,
759,думала как я проводила время лейтли и ну я провела часов шестнадцать во снах разной степени интересности айлл тейк ит,айлл тейк ит,NOUN,NOUN,ADJF,,,
760,я нашла видео без описанного мной вступления но в конце фил зловеще смеётся что сигнализирует намерение ай гесс,ай гесс,NOUN,VERB,CONJ,,,
761,в звуках музыки хау ду ю солв э проблем лайк мария,хау ду ю солв э проблем лайк,NOUN,NOUN,PREP,NOUN,,
762,олсо бывают вещи которые концептуально создают одно впечатление а на деле другое,олсо,,,,VERB,NOUN,ADJF
763,о дэмн,дэмн,PREP,,,,,
764,ты лоуки,лоуки,NPRO,,,,,
765,а если окажется нет кросс зет бридж вен ю гет ту ит кросс зет бридж вен ю гет ту ит,NOUN,PRED,VERB,,,,
766,типа энд айм ин май оун брейн энд айм слиттинг май вейнс,энд айм ин май оун брейн энд айм слиттинг май вейнс,NOUN,,,,,
767,я признала что это лоуки нужно мне но может она поймет,лоуки,PRCL,CONJ,VERB,PRED,NPRO,CONJ
768,олсо когда я такое вижу теперь,олсо,,,,CONJ,NPRO,ADJF
769,ит би лайк зет самтаймс,ит би лайк зет,,,,NOUN,,
770,по-моему очень даже райт,райт,PRCL,ADVB,CONJ,,,
771,и нет проблем в том чтобы чувствовать иззи ай гесс поэтому у нее и есть годы терапии,иззи ай гесс,INFN,CONJ,ADJF,ADVB,PREP,NPRO
772,найс не знаю кто это но звучит здорово,найс,,,,PRCL,VERB,NPRO
773,так сказать поживём увидим ай гесс,ай гесс,VERB,VERB,INFN,,,
774,она лоуки права но может просто не в твоем случае,лоуки,NPRO,,,NOUN,CONJ,VERB
775,шатаут всем девчонкам которые пытались показать всё везде и сразу своим мамам ю ноу хау ит из,ю ноу хау ит из,NOUN,ADJF,ADVB,,,
776,олсо он одет как цыплёнок,олсо,,,,NPRO,ADJS,CONJ
777,Она у тебя с рождения бести,бести,NOUN,PREP,NPRO,,,
778,дэмн все так плохо,дэмн,,,,PRCL,CONJ,PRED
779,стартрек пакрим но они в планах соу зет дазнт квайт каунт,соу зет дазнт квайт каунт,NOUN,PREP,NPRO,,,
780,эврибади вообще-то,эврибади,,,,CONJ,,
781,айд вонт ту плэй леннон. человек к которому наиболее расположен мой ум хотел сыграть человека к которому наиболее расположено моё сердце. Кричу в подушку,айд вонт ту плэй,,,,NOUN,,NOUN
782,олсо мой мыслительный процесс каков,олсо,,,,ADJF,ADJF,NOUN
783,я вчера посмотрела третью серию рэп щит но с трудом потому что на одном сайте стало виснуть а на втором субтитры были в рассинхроне. таскмастер ит из ай гесс,ит из ай гесс,NOUN,,NOUN,,,
784,олсо у меня так хорошо получается делать вид что я Всегда знала и любила штуки которые узнала и полюбила,олсо,,,,PREP,NPRO,CONJ
785,почему я сижу типа дэмн и правда,дэмн,NOUN,VERB,NPRO,CONJ,PRCL,
786,это было упомянуто абстрактным примером мол например такой-то или типа того бат айлл тейк ит,бат айлл тейк ит,,NOUN,ADJF,,,
787,там правда было на что посмотреть и некоторые работы очень крутые но некоторые фр притянуты за уши,фр,ADJF,CONJ,ADJF,PRTS,PREP,NOUN
788,не считая списковых ай гесс,ай гесс,ADJF,GRND,PRCL,,,
789,азер пипл делают это а ты,азер пипл,,,,VERB,PRCL,CONJ
790,освежила лоток лайф из гуд,лайф из гуд,NOUN,VERB,,,,
791,это фр перевернуло что-то в моем мозгу,фр,PRCL,,,VERB,ADVB,PREP
792,я прочла только заголовок но дэмн,дэмн,CONJ,NOUN,ADVB,,,
793,олсо да она ещё на даче,олсо,,,,PRCL,NPRO,ADVB
794,тот факт что фил алледжедли менее распространённый результат но у нас обеих фил,алледжедли,NOUN,CONJ,NOUN,ADVB,PRTF,NOUN
795,олсо оказалась рада пересмотреть на экране побольше в качестве получше,олсо,,,,VERB,NOUN,INFN
796,тот факт что мне нравится всё сильнее мэй ор мэй нот хэв самфинг ту ду с тем что я всё больше внимания обращаю на лайзу и её сольные сцены,мэй ор мэй нот хэв самфинг ту ду,COMP,PRCL,VERB,PREP,CONJ,CONJ
797,олсо пока фоткала,олсо,,,,ADVB,VERB,
798,энивэй зачем пришла...,энивэй,,,,ADVB,VERB,
799,поздравляю бести,бести,VERB,,,,,
800,гуд фор зем,гуд фор зем,,,,,,
801,и лайк и типа можно использовать красиво и литературно (как это делаю я),лайк,CONJ,,,CONJ,NOUN,PRED
802,уич ай хэвнт син но это собственно хотя бы миннелли,уич ай хэвнт син,,,,CONJ,PRCL,PRCL
803,тот момент про тарантино алледжедли не ходившего в киношколу смотревшего всё подряд,алледжедли,NOUN,PREP,NOUN,PRCL,PRTF,PREP
804,ну должно быть 420 блейз ит,блейз ит,,INFN,ADJS,,,
805,сейчас 2024. уич ай хейт,уич ай хейт,,,ADVB,,,
806,соу тру бести верю что оно сработает,соу тру бести,,,,VERB,CONJ,NPRO
807,я только моё новое открытие о себе ай майт нот кер эбаут зе эйдж диффренс,ай майт нот кер эбаут зе эйдж дифференс,NPRO,PREP,NOUN,,,
808,как скажешь бести,бести,VERB,CONJ,,,,
809,олсо они того самое но это уже второстепенно,олсо,,,,NPRO,ADJF,ADJF
810,лоуки правы,лоуки,,,,ADJS,,
811,общество мёртвых поэтов ай мин,ай мин,,NOUN,NOUN,,,
812,хи дид Нат сэй зэт,хи дид Нат сэй зэт,,,,,,
813,лоуки текст очень уместный к ее возрасту,лоуки,,,,NOUN,ADVB,ADJF
814,да она пела айм найнтин энд айм он файр на том же альбоме,айм найнтин энд айм он файр,VERB,NPRO,PRCL,PREP,ADJF,PRCL
815,где ай кант белив ю инвентед драг одного из последних бейкингов до хиатуса,ай кант белив ю,ADVB,,,NOUN,NOUN,ADJF
816,спасибо двум-тр?м прыщам которые дождались сегодняшнего дня чтобы выскочить и позволили мне пожить вчера ай гесс,ай гесс,ADVB,INFN,NPRO,,,
817,вуд ит би мин ту сэй что это инсайд на минималках,вуд ит би мин ту сэй,,,,CONJ,PRCL,NOUN
818,олсо в конце 2016 но до этого на радио,олсо,,,,PREP,NOUN,
819,донт гет ми ронг зер вуднт би мач ту сэй изер вэй итс э гуд шоу i just get more annoying about these things with each passing day i think,донт гет ми ронг зер вуднт би мач ту сэй изер вэй итс э гуд,,,,NOUN,,
820,ты распечатал эти страницы алледжедли. ты же их Перечитывал,алледжедли,NOUN,ADJF,VERB,,NPRO,PRCL
821,я на что-то более эдакое хотела сказать ю пипл пять сек,ю пипл,INFN,VERB,ADJF,NUMR,VERB,
822,я серьёзно песня закончилась и я такая. я бы включила ещё раз. энд зей ДИД,энд зей ДИД,,NOUN,ADVB,,,
823,ту мейк ит ворк,мейк ит,ADJF,,,NOUN,,
824,он сказал голос у тебя приятный среди прочего я ответила на другую часть сообщения и не успела написать спасибо за комплимент отдельным соу нау хи хэз ноу вэй оф ноуинг хау мач оф э щит ай лост эт зет,соу нау хи хэз ноу вэй оф ноуинг хау мач оф э щит ай лост эт зет,ADJF,,NOUN,,,
825,кайнда к слову,кайнда,,,,PREP,NOUN,
826,олсо кажется впервые вижу это конкретное фото,олсо,,,,VERB,ADVB,VERB
827,ай гесс теперь я ее внучка,ай гесс,,,,ADVB,NPRO,NPRO
828,олсо эта конкретная фотография уже из начала восьмидесятых и я могу на неё смотреть не отвлекаясь на мысли о том как в конце семидесятых мы мартина чуть не потеряли,олсо,,,,ADJF,ADJF,NOUN
829,Гуд фор х?р,фор х?р,NOUN,,,,,
830,реально помню как осознала дэмн гугл Не всемогущ пробивая одну и ту же фотку в поиске по картинкам в энный раз...,дэмн,VERB,CONJ,VERB,NOUN,PRCL,ADJS
831,кетч ми иф ю кен это фильм спилберга и мюзикл с аароном твейтом,кетч ми иф ю кен,,,,PRCL,NOUN,NOUN
832,не знаю насколько Совсем другое дело. но кайнда другое дело!,кайнда,CONJ,,NOUN,ADJF,NOUN,
833,окей ай гесс?????,ай гесс,PRCL,,,,,
834,я говорила это много раз но самое волшебное что есть на земле это дженьюинли ватевер грейт артистс ху ар клоус ту ич азер хэв гоинг он,дженьюинли ватевер грейт артистс ху ар клоус ту ич азер хэв гоинг он,PRCL,NOUN,PREP,,,
835,как говорится джой изнт хэппинесс энд вотнот,джой изнт хэппинесс энд вотнот,VERB,CONJ,,,,
836,олсо когда я изначально пыталась составить список на семь я случайно составила список на десять,олсо,,,,CONJ,NPRO,ADVB
837,he lets bobby go over the top and lose control so that marty can remain in control сайкосекшуал майнд геймс,сайкосекшуал майнд геймс,,,,,,
838,самфинг самфинг,самфинг самфинг,,,,,,
839,энивэй Как Твои Дела,энивэй,,,,CONJ,ADJF,NOUN
840,что значит велл,велл,CONJ,CONJ,,,,
841,что ещё за велл,велл,PREP,ADVB,CONJ,,,
842,плачусь расселлу в плечо хау ар ю лайк зис хау ду ю Гет Ит,хау ар ю лайк зис хау ду ю Гет Ит,NOUN,PREP,NOUN,,,
843,also obsessed with the way millie gibson Reacted to the doctor saying you take john lennon. г?рл ай си ю,г?рл ай си ю,,,,,,
844,энд ай кент квайт мейк сенс оф зет,энд ай кент квайт мейк сенс оф зет,,,,,,
845,бести Что это значит,бести,,,,CONJ,PRCL,CONJ
846,парные аватарки фор ю энд зе п?рсон ю брейк зе сейкред промис фор,фор ю энд зе п?рсон ю брейк зе сейкред промис фор,NOUN,ADJF,,,,
847,ещё это заскринила бикоз оф корс ай дид,оф корс ай дид,NOUN,NOUN,PRCL,,,
848,у меня в голове просто не было связи пол басист ай гесс я слышала видела как его называют басистом но просто не обращала внимания поэтому когда мне в лицо прямым текстом тыкнули удивилась,ай гесс,NOUN,NOUN,NOUN,NPRO,VERB,VERB
849,стивен типа. бести чья бы корова мычала,бести,,NOUN,NOUN,ADJF,PRCL,NOUN
850,четвертый найс,найс,ADJF,,,,,
851,дюд айм олвейс сэйинг зис,дюд айм олвейс сэйинг зис,,,,,,
852,олсо это была личная атака,олсо,,,,PRCL,VERB,ADJF
853,атеист дал центральному положительному персонажу слова keep the faith и то что я [веру] не жалую не значит что я в ней не нуждаюсь. соу тру бести,. соу тру бести,,VERB,PRCL,,,
854,иногда я очень хорошо понимаю желание записать моффата в категорию плюс-минус авередж стрейт вайт мейл тиви райтер тм но иногда он выдаёт что-то Такое,авередж стрейт вайт мейл тиви райтер тм,INTJ,NOUN,PREP,CONJ,ADVB,NPRO
855,ай кип ревотчинг зис с неопределённой степенью ироничности,ай кип ревотчинг зис,,,,PREP,ADJF,NOUN
856,как мне Доходчиво донести что я живу в строчках ай онли вонна лав э мэн ху кен лав ми ор лайк ми ор хелп ми,ай онли вонна лав э мэн ху кен лав ми ор лайк ми ор хелп ми,NOUN,PREP,VERB,,,
857,подытожил словами итс темптинг. энд итс синфул!,итс темптинг . энд итс синфул,,NOUN,VERB,,,
858,возможно они бойс лайк ю продюсировали,бойс лайк ю,NPRO,CONJ,,VERB,,
859,бести это не ботинок/карандаш это ботинок/стакан и нога/карандаш,бести,,,,PRCL,PRCL,NOUN
860,и у всех вокруг такой вайб типа,вайб,ADJF,PREP,ADJF,NOUN,,
861,интервьюер: he has endless energy and drive yet physically is not a strong man. what do you think accounts for this? ,,,,,,,
862,,,,,,,,
863,хи вуд ду намберс он хир,,,NOUN,,,,
864,ай гесс в обоих смыслах,ай гесс,,,,PREP,NUMR,NOUN
865,донт гет ми ронг на персонажа она ругалась много,донт гет ми ронг,,,,PREP,NOUN,NPRO
866,самфинг самфинг предзнаменование,самфинг самфинг,,,,NOUN,,
867,ну так сказать гесс ху из беттер эт десайферинг э френдшип бетвин сам гайс виз вэриинг дегрис оф сайколоджикал анрест брюинг инсайд & релиджес имаджери/вокабьюлери воувен инту зе мандейн,гесс ху из беттер эт десайферинг э френдшип бетвин сам гайс виз вэриинг дегрис оф сайколоджикал анрест брюинг инсайд & релиджес имаджери / вокабьюлери воувен инту зе мандейн,INFN,CONJ,PRCL,,,
868,рил энд тру энд бьютифул,энд тру энд бьютифул,NOUN,,,,,
869,бести в каком мы году,бести,,,,PREP,ADJF,NPRO
